,gameId,date,time,hId,hScore,vId,vScore
0,0012100001,20211003,3:30 PM ET,1610612747,97,1610612751,123
1,0012100002,20211004,7:00 PM ET,1610612761,123,1610612755,107
2,0012100003,20211004,7:30 PM ET,1610612738,98,1610612753,97
3,0012100004,20211004,7:30 PM ET,1610612748,125,1610612737,99
4,0012100005,20211004,8:00 PM ET,1610612750,117,1610612740,114
5,0012100006,20211004,8:00 PM ET,1610612760,97,1610612766,113
6,0012100007,20211004,8:30 PM ET,1610612759,111,1610612762,85
7,0012100008,20211004,10:00 PM ET,1610612757,107,1610612744,121
8,0012100009,20211004,10:00 PM ET,1610612758,117,1610612756,106
9,0012100010,20211004,10:30 PM ET,1610612746,103,1610612743,102
10,0012100011,20211005,7:30 PM ET,1610612752,125,1610612754,104
11,0012100012,20211005,8:00 PM ET,1610612741,131,1610612739,95
12,0012100013,20211005,8:00 PM ET,1610612745,125,1610612764,119
13,0012100014,20211005,8:00 PM ET,1610612763,87,1610612749,77
14,0012100020,20211006,6:00 PM ET,1610612756,117,1610612747,105
15,0012100015,20211006,7:00 PM ET,1610612765,115,1610612759,105
16,0012100016,20211006,7:30 PM ET,1610612737,96,1610612739,99
17,0012100017,20211006,8:00 PM ET,1610612740,104,1610612753,86
18,0012100018,20211006,8:30 PM ET,1610612742,111,1610612762,101
19,0012100019,20211006,10:00 PM ET,1610612744,118,1610612743,116
20,0012100021,20211006,10:30 PM ET,1610612746,98,1610612758,113
21,0012100022,20211007,7:00 PM ET,1610612766,98,1610612763,128
22,0012100023,20211007,7:00 PM ET,1610612755,125,1610612761,113
23,0012100024,20211007,10:00 PM ET,1610612745,106,1610612748,113
24,0012100025,20211008,7:00 PM ET,1610612739,100,1610612754,109
25,0012100026,20211008,7:30 PM ET,1610612751,119,1610612749,115
26,0012100027,20211008,8:00 PM ET,1610612741,121,1610612740,85
27,0012100028,20211008,8:30 PM ET,1610612742,122,1610612746,114
28,0012100029,20211008,8:30 PM ET,1610612759,105,1610612748,109
29,0012100030,20211008,9:00 PM ET,1610612743,112,1610612750,114
30,0012100031,20211008,10:00 PM ET,1610612744,121,1610612747,114
31,0012100032,20211009,7:00 PM ET,1610612738,113,1610612761,111
32,0012100033,20211009,7:00 PM ET,1610612764,99,1610612752,117
33,0012100034,20211009,8:00 PM ET,1610612763,87,1610612737,91
34,0012100035,20211010,6:00 PM ET,1610612753,100,1610612759,101
35,0012100036,20211010,7:00 PM ET,1610612739,101,1610612741,102
36,0012100037,20211010,7:30 PM ET,1610612749,130,1610612760,110
37,0012100038,20211010,10:00 PM ET,1610612747,94,1610612756,123
38,0012100039,20211011,7:00 PM ET,1610612761,107,1610612745,92
39,0012100040,20211011,7:30 PM ET,1610612748,104,1610612766,103
40,0012100041,20211011,8:00 PM ET,1610612755,115,1610612751,104
41,0012100042,20211011,8:00 PM ET,1610612763,127,1610612765,92
42,0012100043,20211011,9:00 PM ET,1610612762,127,1610612740,96
43,0012100044,20211011,10:00 PM ET,1610612757,93,1610612758,107
44,0012100045,20211011,10:30 PM ET,1610612746,100,1610612750,128
45,0012100046,20211012,7:00 PM ET,1610612764,108,1610612761,113
46,0012100047,20211012,10:30 PM ET,1610612747,99,1610612744,111
47,0012100054,20211013,5:00 PM ET,1610612756,119,1610612757,74
48,0012100048,20211013,6:30 PM ET,1610612766,59,1610612742,127
49,0012100049,20211013,7:00 PM ET,1610612754,109,1610612763,107
50,0012100050,20211013,7:00 PM ET,1610612753,103,1610612738,102
51,0012100051,20211013,7:30 PM ET,1610612752,108,1610612765,100
52,0012100052,20211013,8:00 PM ET,1610612760,108,1610612743,99
53,0012100053,20211013,9:00 PM ET,1610612762,124,1610612749,120
54,0012100055,20211014,7:00 PM ET,1610612737,127,1610612748,92
55,0012100056,20211014,7:30 PM ET,1610612751,107,1610612750,101
56,0012100057,20211014,8:00 PM ET,1610612760,107,1610612743,113
57,0012100058,20211014,10:00 PM ET,1610612758,116,1610612747,112
58,0012100059,20211015,6:30 PM ET,1610612748,121,1610612738,100
59,0012100060,20211015,7:00 PM ET,1610612765,112,1610612755,108
60,0012100061,20211015,7:00 PM ET,1610612754,94,1610612739,110
61,0012100062,20211015,7:30 PM ET,1610612752,115,1610612764,113
62,0012100063,20211015,8:00 PM ET,1610612741,118,1610612763,105
63,0012100064,20211015,8:00 PM ET,1610612749,103,1610612742,114
64,0012100065,20211015,8:30 PM ET,1610612759,126,1610612745,98
65,0012100066,20211015,10:00 PM ET,1610612744,119,1610612757,97
66,0022100001,20211019,7:30 PM ET,1610612749,127,1610612751,104
67,0022100002,20211019,10:00 PM ET,1610612747,114,1610612744,121
68,0022100003,20211020,7:00 PM ET,1610612766,123,1610612754,122
69,0022100004,20211020,7:00 PM ET,1610612765,88,1610612741,94
70,0022100005,20211020,7:30 PM ET,1610612752,138,1610612738,134
71,0022100006,20211020,7:30 PM ET,1610612761,83,1610612764,98
72,0022100007,20211020,8:00 PM ET,1610612763,132,1610612739,121
73,0022100008,20211020,8:00 PM ET,1610612750,124,1610612745,106
74,0022100009,20211020,8:00 PM ET,1610612740,97,1610612755,117
75,0022100010,20211020,8:30 PM ET,1610612759,123,1610612753,97
76,0022100011,20211020,9:00 PM ET,1610612762,107,1610612760,86
77,0022100012,20211020,10:00 PM ET,1610612756,98,1610612743,110
78,0022100013,20211020,10:00 PM ET,1610612757,121,1610612758,124
79,0022100014,20211021,7:30 PM ET,1610612737,113,1610612742,87
80,0022100015,20211021,8:00 PM ET,1610612748,137,1610612749,95
81,0022100016,20211021,10:00 PM ET,1610612744,115,1610612746,113
82,0022100017,20211022,7:00 PM ET,1610612739,112,1610612766,123
83,0022100018,20211022,7:00 PM ET,1610612753,96,1610612752,121
84,0022100019,20211022,7:00 PM ET,1610612764,135,1610612754,134
85,0022100020,20211022,7:30 PM ET,1610612738,83,1610612761,115
86,0022100021,20211022,7:30 PM ET,1610612755,109,1610612751,114
87,0022100022,20211022,8:00 PM ET,1610612741,128,1610612740,112
88,0022100023,20211022,8:00 PM ET,1610612745,124,1610612760,91
89,0022100024,20211022,9:00 PM ET,1610612743,102,1610612759,96
90,0022100025,20211022,10:00 PM ET,1610612747,105,1610612756,115
91,0022100026,20211022,10:00 PM ET,1610612758,101,1610612762,110
92,0022100027,20211023,6:00 PM ET,1610612739,101,1610612737,95
93,0022100028,20211023,7:00 PM ET,1610612754,102,1610612748,91
94,0022100029,20211023,7:30 PM ET,1610612761,95,1610612742,103
95,0022100030,20211023,8:00 PM ET,1610612741,97,1610612765,82
96,0022100031,20211023,8:00 PM ET,1610612750,96,1610612740,89
97,0022100032,20211023,8:30 PM ET,1610612759,111,1610612749,121
98,0022100033,20211023,10:00 PM ET,1610612757,134,1610612756,105
99,0022100034,20211023,10:30 PM ET,1610612746,114,1610612763,120
100,0022100035,20211024,4:00 PM ET,1610612751,95,1610612766,111
101,0022100036,20211024,7:00 PM ET,1610612752,104,1610612753,110
102,0022100037,20211024,7:00 PM ET,1610612745,97,1610612738,107
103,0022100038,20211024,7:00 PM ET,1610612760,103,1610612755,115
104,0022100039,20211024,9:00 PM ET,1610612758,107,1610612744,119
105,0022100040,20211024,9:30 PM ET,1610612747,121,1610612763,118
106,0022100041,20211025,7:00 PM ET,1610612766,129,1610612738,140
107,0022100042,20211025,7:00 PM ET,1610612754,109,1610612749,119
108,0022100043,20211025,7:30 PM ET,1610612737,122,1610612765,104
109,0022100044,20211025,7:30 PM ET,1610612751,104,1610612764,90
110,0022100045,20211025,7:30 PM ET,1610612748,107,1610612753,90
111,0022100046,20211025,7:30 PM ET,1610612761,108,1610612741,111
112,0022100047,20211025,8:00 PM ET,1610612750,98,1610612740,107
113,0022100048,20211025,9:00 PM ET,1610612743,87,1610612739,99
114,0022100049,20211025,10:30 PM ET,1610612746,116,1610612757,86
115,0022100050,20211026,7:30 PM ET,1610612752,112,1610612755,99
116,0022100051,20211026,8:00 PM ET,1610612760,98,1610612744,106
117,0022100052,20211026,8:30 PM ET,1610612742,116,1610612745,106
118,0022100053,20211026,8:30 PM ET,1610612759,121,1610612747,125
119,0022100054,20211026,10:00 PM ET,1610612762,122,1610612743,110
120,0022100055,20211027,7:00 PM ET,1610612753,111,1610612766,120
121,0022100056,20211027,7:30 PM ET,1610612738,107,1610612764,116
122,0022100057,20211027,7:30 PM ET,1610612751,93,1610612748,106
123,0022100058,20211027,7:30 PM ET,1610612761,118,1610612754,100
124,0022100059,20211027,7:30 PM ET,1610612740,99,1610612737,102
125,0022100060,20211027,8:00 PM ET,1610612749,108,1610612750,113
126,0022100061,20211027,8:00 PM ET,1610612760,123,1610612747,115
127,0022100062,20211027,10:00 PM ET,1610612756,107,1610612758,110
128,0022100063,20211027,10:00 PM ET,1610612757,116,1610612763,96
129,0022100064,20211027,10:30 PM ET,1610612746,79,1610612739,92
130,0022100065,20211028,7:00 PM ET,1610612755,110,1610612765,102
131,0022100066,20211028,7:00 PM ET,1610612764,122,1610612737,111
132,0022100067,20211028,8:00 PM ET,1610612741,103,1610612752,104
133,0022100068,20211028,8:00 PM ET,1610612745,91,1610612762,122
134,0022100069,20211028,8:30 PM ET,1610612742,104,1610612759,99
135,0022100070,20211028,10:00 PM ET,1610612744,101,1610612763,104
136,0022100071,20211029,7:00 PM ET,1610612761,110,1610612753,109
137,0022100072,20211029,7:30 PM ET,1610612751,105,1610612754,98
138,0022100073,20211029,7:30 PM ET,1610612748,114,1610612766,99
139,0022100074,20211029,8:00 PM ET,1610612740,109,1610612758,113
140,0022100075,20211029,10:00 PM ET,1610612743,106,1610612742,75
141,0022100076,20211029,10:00 PM ET,1610612757,111,1610612746,92
142,0022100077,20211029,10:30 PM ET,1610612747,113,1610612739,101
143,0022100078,20211030,5:00 PM ET,1610612764,115,1610612738,112
144,0022100079,20211030,7:00 PM ET,1610612765,110,1610612753,103
145,0022100080,20211030,7:00 PM ET,1610612740,117,1610612752,123
146,0022100081,20211030,7:30 PM ET,1610612754,94,1610612761,97
147,0022100082,20211030,7:30 PM ET,1610612755,122,1610612737,94
148,0022100083,20211030,8:00 PM ET,1610612741,107,1610612762,99
149,0022100084,20211030,8:00 PM ET,1610612763,103,1610612748,129
150,0022100085,20211030,8:00 PM ET,1610612749,93,1610612759,102
151,0022100086,20211030,8:30 PM ET,1610612744,103,1610612760,82
152,0022100087,20211030,9:00 PM ET,1610612750,91,1610612743,93
153,0022100088,20211030,10:00 PM ET,1610612756,101,1610612739,92
154,0022100089,20211031,3:30 PM ET,1610612742,105,1610612758,99
155,0022100090,20211031,7:00 PM ET,1610612766,125,1610612757,113
156,0022100091,20211031,7:00 PM ET,1610612749,95,1610612762,107
157,0022100092,20211031,7:30 PM ET,1610612751,117,1610612765,91
158,0022100093,20211031,10:30 PM ET,1610612747,95,1610612745,85
159,0022100094,20211101,7:00 PM ET,1610612766,110,1610612739,113
160,0022100095,20211101,7:00 PM ET,1610612754,131,1610612759,118
161,0022100096,20211101,7:00 PM ET,1610612755,113,1610612757,103
162,0022100097,20211101,7:30 PM ET,1610612737,118,1610612764,111
163,0022100098,20211101,7:30 PM ET,1610612738,114,1610612741,128
164,0022100099,20211101,7:30 PM ET,1610612752,104,1610612761,113
165,0022100100,20211101,8:00 PM ET,1610612763,106,1610612743,97
166,0022100101,20211101,8:00 PM ET,1610612750,97,1610612753,115
167,0022100102,20211101,10:30 PM ET,1610612746,99,1610612760,94
168,0022100103,20211102,7:00 PM ET,1610612765,89,1610612749,117
169,0022100104,20211102,7:30 PM ET,1610612742,110,1610612748,125
170,0022100105,20211102,9:00 PM ET,1610612762,119,1610612758,113
171,0022100106,20211102,10:00 PM ET,1610612756,112,1610612740,100
172,0022100107,20211102,10:30 PM ET,1610612747,119,1610612745,117
173,0022100108,20211103,7:00 PM ET,1610612739,107,1610612757,104
174,0022100109,20211103,7:00 PM ET,1610612754,111,1610612752,98
175,0022100110,20211103,7:00 PM ET,1610612753,79,1610612738,92
176,0022100111,20211103,7:00 PM ET,1610612755,103,1610612741,98
177,0022100112,20211103,7:00 PM ET,1610612764,100,1610612761,109
178,0022100113,20211103,7:30 PM ET,1610612751,117,1610612737,108
179,0022100114,20211103,8:00 PM ET,1610612763,108,1610612743,106
180,0022100115,20211103,8:00 PM ET,1610612750,115,1610612746,126
181,0022100116,20211103,8:30 PM ET,1610612759,108,1610612742,109
182,0022100117,20211103,10:00 PM ET,1610612744,114,1610612766,92
183,0022100118,20211103,10:00 PM ET,1610612758,112,1610612740,99
184,0022100119,20211104,7:00 PM ET,1610612765,98,1610612755,109
185,0022100120,20211104,7:30 PM ET,1610612737,98,1610612762,116
186,0022100121,20211104,7:30 PM ET,1610612748,78,1610612738,95
187,0022100122,20211104,10:00 PM ET,1610612756,123,1610612745,111
188,0022100123,20211104,10:30 PM ET,1610612747,104,1610612760,107
189,0022100124,20211105,7:00 PM ET,1610612765,90,1610612751,96
190,0022100125,20211105,7:00 PM ET,1610612753,89,1610612759,102
191,0022100126,20211105,7:00 PM ET,1610612764,115,1610612763,87
192,0022100127,20211105,7:30 PM ET,1610612761,101,1610612739,102
193,0022100128,20211105,7:30 PM ET,1610612749,98,1610612752,113
194,0022100129,20211105,8:00 PM ET,1610612750,84,1610612746,104
195,0022100130,20211105,10:00 PM ET,1610612744,126,1610612740,85
196,0022100131,20211105,10:00 PM ET,1610612757,110,1610612754,106
197,0022100132,20211105,10:00 PM ET,1610612758,140,1610612766,110
198,0022100133,20211106,5:00 PM ET,1610612743,95,1610612745,94
199,0022100134,20211106,7:30 PM ET,1610612748,118,1610612762,115
200,0022100135,20211106,8:00 PM ET,1610612741,105,1610612755,114
201,0022100136,20211106,8:30 PM ET,1610612742,107,1610612738,104
202,0022100137,20211106,10:00 PM ET,1610612756,121,1610612737,117
203,0022100138,20211106,10:30 PM ET,1610612757,105,1610612747,90
204,0022100139,20211107,3:30 PM ET,1610612761,103,1610612751,116
205,0022100140,20211107,6:00 PM ET,1610612752,109,1610612739,126
206,0022100141,20211107,6:00 PM ET,1610612753,107,1610612762,100
207,0022100142,20211107,6:00 PM ET,1610612764,101,1610612749,94
208,0022100143,20211107,6:00 PM ET,1610612758,91,1610612754,94
209,0022100144,20211107,7:00 PM ET,1610612760,99,1610612759,94
210,0022100145,20211107,8:30 PM ET,1610612744,120,1610612745,107
211,0022100146,20211107,9:00 PM ET,1610612746,120,1610612766,106
212,0022100147,20211108,7:00 PM ET,1610612755,96,1610612752,103
213,0022100148,20211108,8:00 PM ET,1610612741,118,1610612751,95
214,0022100149,20211108,8:00 PM ET,1610612763,125,1610612750,118
215,0022100150,20211108,8:30 PM ET,1610612742,108,1610612740,92
216,0022100151,20211108,9:00 PM ET,1610612743,113,1610612748,96
217,0022100152,20211108,10:00 PM ET,1610612744,127,1610612737,113
218,0022100153,20211108,10:00 PM ET,1610612758,104,1610612756,109
219,0022100154,20211108,10:30 PM ET,1610612747,126,1610612766,123
220,0022100155,20211109,7:30 PM ET,1610612755,109,1610612749,118
221,0022100156,20211109,9:00 PM ET,1610612762,110,1610612737,98
222,0022100157,20211109,10:00 PM ET,1610612746,117,1610612757,109
223,0022100158,20211110,7:00 PM ET,1610612739,94,1610612764,97
224,0022100159,20211110,7:00 PM ET,1610612753,90,1610612751,123
225,0022100160,20211110,7:30 PM ET,1610612738,104,1610612761,88
226,0022100161,20211110,7:30 PM ET,1610612752,100,1610612749,112
227,0022100162,20211110,7:30 PM ET,1610612745,104,1610612765,112
228,0022100163,20211110,8:00 PM ET,1610612741,117,1610612742,107
229,0022100164,20211110,8:00 PM ET,1610612763,108,1610612766,118
230,0022100165,20211110,8:00 PM ET,1610612740,100,1610612760,108
231,0022100166,20211110,8:30 PM ET,1610612759,136,1610612758,117
232,0022100167,20211110,9:00 PM ET,1610612743,101,1610612754,98
233,0022100168,20211110,9:00 PM ET,1610612756,119,1610612757,109
234,0022100169,20211110,10:00 PM ET,1610612744,123,1610612750,110
235,0022100170,20211110,10:00 PM ET,1610612747,120,1610612748,117
236,0022100171,20211111,7:00 PM ET,1610612755,109,1610612761,115
237,0022100172,20211111,9:00 PM ET,1610612762,100,1610612754,111
238,0022100173,20211111,10:30 PM ET,1610612746,112,1610612748,109
239,0022100174,20211112,7:00 PM ET,1610612766,104,1610612752,96
240,0022100175,20211112,7:30 PM ET,1610612738,122,1610612749,113
241,0022100176,20211112,7:30 PM ET,1610612739,98,1610612765,78
242,0022100177,20211112,8:00 PM ET,1610612745,92,1610612757,104
243,0022100178,20211112,8:00 PM ET,1610612763,94,1610612756,119
244,0022100179,20211112,8:00 PM ET,1610612740,112,1610612751,120
245,0022100180,20211112,8:00 PM ET,1610612760,105,1610612758,103
246,0022100181,20211112,8:30 PM ET,1610612759,109,1610612742,123
247,0022100182,20211112,9:00 PM ET,1610612743,105,1610612737,96
248,0022100183,20211112,10:00 PM ET,1610612744,119,1610612741,93
249,0022100184,20211112,10:30 PM ET,1610612747,83,1610612750,107
250,0022100185,20211113,5:00 PM ET,1610612762,105,1610612748,111
251,0022100186,20211113,7:00 PM ET,1610612754,118,1610612755,113
252,0022100187,20211113,7:00 PM ET,1610612753,92,1610612764,104
253,0022100188,20211113,7:00 PM ET,1610612740,112,1610612763,101
254,0022100189,20211113,7:30 PM ET,1610612761,121,1610612765,127
255,0022100190,20211113,8:00 PM ET,1610612739,91,1610612738,89
256,0022100191,20211113,10:30 PM ET,1610612746,129,1610612750,102
257,0022100192,20211114,3:30 PM ET,1610612747,114,1610612759,106
258,0022100193,20211114,6:00 PM ET,1610612737,120,1610612749,100
259,0022100194,20211114,7:00 PM ET,1610612766,106,1610612744,102
260,0022100195,20211114,7:00 PM ET,1610612745,89,1610612756,115
261,0022100196,20211114,7:00 PM ET,1610612760,96,1610612751,120
262,0022100197,20211114,8:00 PM ET,1610612743,124,1610612757,95
263,0022100198,20211114,9:30 PM ET,1610612746,90,1610612741,100
264,0022100199,20211115,7:00 PM ET,1610612739,92,1610612738,98
265,0022100200,20211115,7:00 PM ET,1610612765,107,1610612758,129
266,0022100201,20211115,7:00 PM ET,1610612764,105,1610612740,100
267,0022100202,20211115,7:30 PM ET,1610612737,129,1610612753,111
268,0022100203,20211115,7:30 PM ET,1610612752,92,1610612754,84
269,0022100204,20211115,8:00 PM ET,1610612742,111,1610612743,101
270,0022100205,20211115,8:00 PM ET,1610612763,136,1610612745,102
271,0022100206,20211115,8:00 PM ET,1610612750,96,1610612756,99
272,0022100207,20211115,8:00 PM ET,1610612760,90,1610612748,103
273,0022100208,20211115,10:00 PM ET,1610612757,118,1610612761,113
274,0022100209,20211115,10:30 PM ET,1610612747,103,1610612741,121
275,0022100210,20211116,7:30 PM ET,1610612751,99,1610612744,117
276,0022100211,20211116,10:00 PM ET,1610612762,120,1610612755,85
277,0022100212,20211116,10:30 PM ET,1610612746,106,1610612759,92
278,0022100213,20211117,7:00 PM ET,1610612766,97,1610612764,87
279,0022100214,20211117,7:00 PM ET,1610612765,97,1610612754,89
280,0022100215,20211117,7:30 PM ET,1610612737,110,1610612738,99
281,0022100216,20211117,7:30 PM ET,1610612751,109,1610612739,99
282,0022100217,20211117,7:30 PM ET,1610612748,113,1610612740,98
283,0022100218,20211117,7:30 PM ET,1610612752,98,1610612753,104
284,0022100219,20211117,7:30 PM ET,1610612749,109,1610612747,102
285,0022100220,20211117,8:00 PM ET,1610612750,107,1610612758,97
286,0022100221,20211117,8:00 PM ET,1610612760,101,1610612745,89
287,0022100222,20211117,10:00 PM ET,1610612756,105,1610612742,98
288,0022100223,20211117,10:00 PM ET,1610612757,112,1610612741,107
289,0022100224,20211118,7:30 PM ET,1610612739,89,1610612744,104
290,0022100225,20211118,7:30 PM ET,1610612748,112,1610612764,97
291,0022100226,20211118,8:00 PM ET,1610612763,120,1610612746,108
292,0022100227,20211118,8:00 PM ET,1610612750,115,1610612759,90
293,0022100228,20211118,9:00 PM ET,1610612743,89,1610612755,103
294,0022100229,20211118,9:00 PM ET,1610612762,119,1610612761,103
295,0022100230,20211119,7:00 PM ET,1610612766,121,1610612754,118
296,0022100231,20211119,7:00 PM ET,1610612765,102,1610612744,105
297,0022100232,20211119,7:30 PM ET,1610612738,130,1610612747,108
298,0022100233,20211119,7:30 PM ET,1610612751,115,1610612753,113
299,0022100234,20211119,8:00 PM ET,1610612749,96,1610612760,89
300,0022100235,20211119,8:00 PM ET,1610612740,94,1610612746,81
301,0022100236,20211119,9:00 PM ET,1610612743,108,1610612741,114
302,0022100237,20211119,10:00 PM ET,1610612756,112,1610612742,104
303,0022100238,20211119,10:00 PM ET,1610612758,89,1610612761,108
304,0022100239,20211120,5:00 PM ET,1610612752,106,1610612745,99
305,0022100240,20211120,7:00 PM ET,1610612754,111,1610612740,94
306,0022100241,20211120,7:00 PM ET,1610612764,103,1610612748,100
307,0022100242,20211120,7:30 PM ET,1610612737,115,1610612766,105
308,0022100243,20211120,7:30 PM ET,1610612738,111,1610612760,105
309,0022100244,20211120,8:00 PM ET,1610612749,117,1610612753,108
310,0022100245,20211120,8:00 PM ET,1610612750,138,1610612763,95
311,0022100246,20211120,10:00 PM ET,1610612757,118,1610612755,111
312,0022100247,20211120,10:00 PM ET,1610612758,105,1610612762,123
313,0022100248,20211121,3:30 PM ET,1610612746,97,1610612742,91
314,0022100249,20211121,6:00 PM ET,1610612765,116,1610612747,121
315,0022100250,20211121,8:00 PM ET,1610612741,109,1610612752,103
316,0022100251,20211121,8:00 PM ET,1610612756,126,1610612743,97
317,0022100252,20211121,8:30 PM ET,1610612744,119,1610612761,104
318,0022100253,20211122,7:00 PM ET,1610612739,112,1610612751,117
319,0022100254,20211122,7:00 PM ET,1610612764,103,1610612766,109
320,0022100255,20211122,7:30 PM ET,1610612737,113,1610612760,101
321,0022100256,20211122,7:30 PM ET,1610612738,108,1610612745,90
322,0022100257,20211122,8:00 PM ET,1610612741,77,1610612754,109
323,0022100258,20211122,8:00 PM ET,1610612749,123,1610612753,92
324,0022100259,20211122,8:00 PM ET,1610612740,96,1610612750,110
325,0022100260,20211122,8:30 PM ET,1610612759,111,1610612756,115
326,0022100261,20211122,9:00 PM ET,1610612762,118,1610612763,119
327,0022100262,20211122,10:00 PM ET,1610612758,94,1610612755,102
328,0022100263,20211123,7:00 PM ET,1610612765,92,1610612748,100
329,0022100264,20211123,7:30 PM ET,1610612752,106,1610612747,100
330,0022100265,20211123,10:00 PM ET,1610612757,119,1610612743,100
331,0022100266,20211123,10:30 PM ET,1610612746,104,1610612742,112
332,0022100267,20211124,7:00 PM ET,1610612739,115,1610612756,120
333,0022100268,20211124,7:00 PM ET,1610612754,116,1610612747,124
334,0022100269,20211124,7:00 PM ET,1610612753,99,1610612766,106
335,0022100270,20211124,7:30 PM ET,1610612738,104,1610612751,123
336,0022100271,20211124,8:00 PM ET,1610612745,118,1610612741,113
337,0022100272,20211124,8:00 PM ET,1610612763,113,1610612761,126
338,0022100273,20211124,8:00 PM ET,1610612749,114,1610612765,93
339,0022100274,20211124,8:00 PM ET,1610612750,113,1610612748,101
340,0022100275,20211124,8:00 PM ET,1610612740,127,1610612764,102
341,0022100276,20211124,8:00 PM ET,1610612760,104,1610612762,110
342,0022100277,20211124,8:30 PM ET,1610612759,106,1610612737,124
343,0022100278,20211124,10:00 PM ET,1610612744,116,1610612755,96
344,0022100279,20211124,10:00 PM ET,1610612758,125,1610612757,121
345,0022100280,20211126,3:30 PM ET,1610612746,107,1610612765,96
346,0022100281,20211126,7:00 PM ET,1610612766,133,1610612750,115
347,0022100282,20211126,7:00 PM ET,1610612752,97,1610612756,118
348,0022100283,20211126,7:00 PM ET,1610612753,88,1610612741,123
349,0022100284,20211126,8:00 PM ET,1610612754,114,1610612761,97
350,0022100285,20211126,8:00 PM ET,1610612763,100,1610612737,132
351,0022100286,20211126,8:00 PM ET,1610612760,99,1610612764,101
352,0022100287,20211126,8:30 PM ET,1610612759,96,1610612738,88
353,0022100288,20211126,9:00 PM ET,1610612743,109,1610612749,120
354,0022100289,20211126,9:00 PM ET,1610612762,97,1610612740,98
355,0022100290,20211126,10:00 PM ET,1610612744,118,1610612757,103
356,0022100291,20211126,10:30 PM ET,1610612747,137,1610612758,141
357,0022100292,20211127,6:00 PM ET,1610612755,120,1610612750,121
358,0022100293,20211127,7:30 PM ET,1610612737,90,1610612752,99
359,0022100294,20211127,7:30 PM ET,1610612751,107,1610612756,113
360,0022100295,20211127,8:00 PM ET,1610612739,105,1610612753,92
361,0022100296,20211127,8:00 PM ET,1610612741,104,1610612748,107
362,0022100297,20211127,8:00 PM ET,1610612745,146,1610612766,143
363,0022100298,20211127,8:30 PM ET,1610612742,114,1610612764,120
364,0022100299,20211127,9:00 PM ET,1610612762,127,1610612740,105
365,0022100300,20211128,3:30 PM ET,1610612746,90,1610612744,105
366,0022100301,20211128,5:00 PM ET,1610612754,100,1610612749,118
367,0022100302,20211128,6:00 PM ET,1610612761,97,1610612738,109
368,0022100303,20211128,6:00 PM ET,1610612763,128,1610612758,101
369,0022100304,20211128,9:30 PM ET,1610612747,110,1610612765,106
370,0022100305,20211129,7:00 PM ET,1610612755,101,1610612753,96
371,0022100306,20211129,7:30 PM ET,1610612748,111,1610612743,120
372,0022100307,20211129,8:00 PM ET,1610612741,133,1610612766,119
373,0022100308,20211129,8:00 PM ET,1610612745,102,1610612760,89
374,0022100309,20211129,8:00 PM ET,1610612750,100,1610612754,98
375,0022100310,20211129,8:30 PM ET,1610612742,96,1610612739,114
376,0022100311,20211129,8:30 PM ET,1610612759,116,1610612764,99
377,0022100312,20211129,9:00 PM ET,1610612762,129,1610612757,107
378,0022100313,20211129,10:30 PM ET,1610612746,104,1610612740,123
379,0022100314,20211130,7:30 PM ET,1610612751,112,1610612752,110
380,0022100315,20211130,7:30 PM ET,1610612761,91,1610612763,98
381,0022100316,20211130,10:00 PM ET,1610612756,104,1610612744,96
382,0022100317,20211130,10:00 PM ET,1610612757,110,1610612765,92
383,0022100318,20211130,10:00 PM ET,1610612758,92,1610612747,117
384,0022100319,20211201,7:00 PM ET,1610612754,111,1610612737,114
385,0022100320,20211201,7:00 PM ET,1610612753,108,1610612743,103
386,0022100321,20211201,7:00 PM ET,1610612764,115,1610612750,107
387,0022100322,20211201,7:30 PM ET,1610612738,88,1610612755,87
388,0022100323,20211201,7:30 PM ET,1610612748,85,1610612739,111
389,0022100324,20211201,8:00 PM ET,1610612749,127,1610612766,125
390,0022100325,20211201,8:00 PM ET,1610612740,107,1610612742,139
391,0022100326,20211201,8:00 PM ET,1610612760,110,1610612745,114
392,0022100327,20211201,10:30 PM ET,1610612746,115,1610612758,124
393,0022100328,20211202,7:30 PM ET,1610612752,115,1610612741,119
394,0022100329,20211202,7:30 PM ET,1610612761,97,1610612749,93
395,0022100330,20211202,8:00 PM ET,1610612763,152,1610612760,79
396,0022100331,20211202,9:00 PM ET,1610612756,114,1610612765,103
397,0022100332,20211202,10:00 PM ET,1610612757,83,1610612759,114
398,0022100333,20211203,7:00 PM ET,1610612754,104,1610612748,113
399,0022100334,20211203,7:00 PM ET,1610612764,101,1610612739,116
400,0022100335,20211203,7:30 PM ET,1610612737,96,1610612755,98
401,0022100336,20211203,7:30 PM ET,1610612751,110,1610612750,105
402,0022100337,20211203,8:00 PM ET,1610612745,118,1610612753,116
403,0022100338,20211203,8:30 PM ET,1610612742,91,1610612740,107
404,0022100339,20211203,9:00 PM ET,1610612762,137,1610612738,130
405,0022100340,20211203,10:00 PM ET,1610612744,118,1610612756,96
406,0022100341,20211203,10:00 PM ET,1610612747,115,1610612746,119
407,0022100342,20211204,1:00 PM ET,1610612752,99,1610612743,113
408,0022100343,20211204,8:00 PM ET,1610612751,107,1610612741,111
409,0022100344,20211204,8:00 PM ET,1610612749,124,1610612748,102
410,0022100345,20211204,8:30 PM ET,1610612742,90,1610612763,97
411,0022100346,20211204,8:30 PM ET,1610612744,107,1610612759,112
412,0022100347,20211204,10:00 PM ET,1610612757,117,1610612738,145
413,0022100348,20211204,10:00 PM ET,1610612758,104,1610612746,99
414,0022100349,20211205,3:30 PM ET,1610612739,108,1610612762,109
415,0022100350,20211205,6:00 PM ET,1610612737,127,1610612766,130
416,0022100351,20211205,6:00 PM ET,1610612761,102,1610612764,90
417,0022100352,20211205,7:00 PM ET,1610612745,118,1610612740,108
418,0022100353,20211206,7:00 PM ET,1610612766,124,1610612755,127
419,0022100354,20211206,7:00 PM ET,1610612765,103,1610612760,114
420,0022100355,20211206,7:00 PM ET,1610612754,116,1610612764,110
421,0022100356,20211206,7:30 PM ET,1610612748,90,1610612763,105
422,0022100357,20211206,8:00 PM ET,1610612741,109,1610612743,97
423,0022100358,20211206,8:00 PM ET,1610612749,112,1610612739,104
424,0022100359,20211206,8:00 PM ET,1610612750,110,1610612737,121
425,0022100360,20211206,9:00 PM ET,1610612756,108,1610612759,104
426,0022100361,20211206,10:00 PM ET,1610612744,126,1610612753,95
427,0022100362,20211206,10:00 PM ET,1610612757,90,1610612746,102
428,0022100363,20211207,7:30 PM ET,1610612742,99,1610612751,102
429,0022100364,20211207,8:30 PM ET,1610612759,109,1610612752,121
430,0022100365,20211207,10:00 PM ET,1610612747,117,1610612738,102
431,0022100366,20211208,7:00 PM ET,1610612766,106,1610612755,110
432,0022100367,20211208,7:00 PM ET,1610612739,115,1610612741,92
433,0022100368,20211208,7:00 PM ET,1610612765,116,1610612764,119
434,0022100369,20211208,7:00 PM ET,1610612754,122,1610612752,102
435,0022100370,20211208,7:30 PM ET,1610612748,113,1610612749,104
436,0022100371,20211208,7:30 PM ET,1610612761,109,1610612760,110
437,0022100372,20211208,8:00 PM ET,1610612745,114,1610612751,104
438,0022100373,20211208,8:00 PM ET,1610612763,96,1610612742,104
439,0022100374,20211208,8:00 PM ET,1610612750,104,1610612762,136
440,0022100375,20211208,8:00 PM ET,1610612740,114,1610612743,120
441,0022100376,20211208,10:00 PM ET,1610612744,104,1610612757,94
442,0022100377,20211208,10:00 PM ET,1610612758,142,1610612753,130
443,0022100378,20211208,10:30 PM ET,1610612746,114,1610612738,111
444,0022100379,20211209,7:00 PM ET,1610612755,96,1610612762,118
445,0022100380,20211209,8:00 PM ET,1610612763,108,1610612747,95
446,0022100381,20211209,8:30 PM ET,1610612759,123,1610612743,111
447,0022100382,20211210,7:00 PM ET,1610612766,124,1610612758,123
448,0022100383,20211210,7:00 PM ET,1610612754,106,1610612742,93
449,0022100384,20211210,7:30 PM ET,1610612737,105,1610612751,113
450,0022100385,20211210,7:30 PM ET,1610612761,90,1610612752,87
451,0022100386,20211210,8:00 PM ET,1610612745,114,1610612749,123
452,0022100387,20211210,8:00 PM ET,1610612750,106,1610612739,123
453,0022100388,20211210,8:00 PM ET,1610612740,109,1610612765,93
454,0022100389,20211210,8:00 PM ET,1610612760,95,1610612747,116
455,0022100390,20211210,10:00 PM ET,1610612756,111,1610612738,90
456,0022100391,20211211,3:30 PM ET,1610612746,106,1610612753,104
457,0022100392,20211211,7:00 PM ET,1610612764,98,1610612762,123
458,0022100393,20211211,8:00 PM ET,1610612739,117,1610612758,103
459,0022100394,20211211,8:00 PM ET,1610612748,118,1610612741,92
460,0022100395,20211211,8:00 PM ET,1610612763,113,1610612745,106
461,0022100396,20211211,8:30 PM ET,1610612755,102,1610612744,93
462,0022100397,20211211,8:30 PM ET,1610612759,112,1610612743,127
463,0022100398,20211212,12:00 PM ET,1610612752,97,1610612749,112
464,0022100399,20211212,6:00 PM ET,1610612765,104,1610612751,116
465,0022100400,20211212,7:00 PM ET,1610612760,84,1610612742,103
466,0022100401,20211212,7:00 PM ET,1610612759,112,1610612740,97
467,0022100402,20211212,9:00 PM ET,1610612757,111,1610612750,116
468,0022100403,20211212,9:30 PM ET,1610612747,106,1610612753,94
469,0022100404,20211213,7:00 PM ET,1610612739,105,1610612748,94
470,0022100405,20211213,7:00 PM ET,1610612754,100,1610612744,102
471,0022100406,20211213,7:00 PM ET,1610612761,124,1610612758,101
472,0022100407,20211213,7:30 PM ET,1610612737,126,1610612745,132
473,0022100408,20211213,7:30 PM ET,1610612738,117,1610612749,103
474,0022100409,20211213,8:00 PM ET,1610612763,126,1610612755,91
475,0022100410,20211213,8:30 PM ET,1610612742,120,1610612766,96
476,0022100411,20211213,9:00 PM ET,1610612743,113,1610612764,107
477,0022100412,20211213,10:30 PM ET,1610612746,111,1610612756,95
478,0022100413,20211214,7:30 PM ET,1610612751,131,1610612761,129
479,0022100414,20211214,7:30 PM ET,1610612752,96,1610612744,105
480,0022100416,20211214,10:00 PM ET,1610612757,107,1610612756,111
481,0022100417,20211215,7:00 PM ET,1610612739,124,1610612745,89
482,0022100418,20211215,7:00 PM ET,1610612753,99,1610612737,111
483,0022100419,20211215,7:00 PM ET,1610612755,96,1610612748,101
484,0022100420,20211215,7:30 PM ET,1610612742,104,1610612747,107
485,0022100421,20211215,8:00 PM ET,1610612749,114,1610612754,99
486,0022100422,20211215,8:00 PM ET,1610612760,110,1610612740,113
487,0022100423,20211215,8:30 PM ET,1610612759,115,1610612766,131
488,0022100424,20211215,9:00 PM ET,1610612743,107,1610612750,124
489,0022100425,20211215,10:00 PM ET,1610612762,124,1610612746,103
490,0022100426,20211215,10:00 PM ET,1610612757,103,1610612763,113
491,0022100427,20211215,10:00 PM ET,1610612758,119,1610612764,105
492,0022100428,20211216,7:00 PM ET,1610612754,122,1610612765,113
493,0022100429,20211216,7:30 PM ET,1610612751,114,1610612755,105
494,0022100431,20211216,8:00 PM ET,1610612745,103,1610612752,116
495,0022100432,20211216,9:00 PM ET,1610612756,118,1610612764,98
496,0022100433,20211217,7:00 PM ET,1610612753,105,1610612748,115
497,0022100434,20211217,7:30 PM ET,1610612737,115,1610612743,133
498,0022100435,20211217,7:30 PM ET,1610612738,107,1610612744,111
499,0022100438,20211217,8:00 PM ET,1610612740,116,1610612749,112
500,0022100437,20211217,9:00 PM ET,1610612762,126,1610612759,128
501,0022100436,20211217,10:00 PM ET,1610612750,110,1610612747,92
502,0022100439,20211217,10:00 PM ET,1610612757,125,1610612766,116
503,0022100440,20211217,10:00 PM ET,1610612758,105,1610612763,124
504,0022100441,20211218,12:00 PM ET,1610612765,107,1610612745,116
505,0022100445,20211218,7:00 PM ET,1610612738,114,1610612752,107
506,0022100442,20211218,7:30 PM ET,1610612751,93,1610612753,100
507,0022100443,20211218,7:30 PM ET,1610612761,119,1610612744,100
508,0022100444,20211218,8:00 PM ET,1610612760,104,1610612746,103
509,0022100446,20211218,9:00 PM ET,1610612749,90,1610612739,119
510,0022100447,20211218,9:00 PM ET,1610612762,103,1610612764,109
511,0022100449,20211219,6:00 PM ET,1610612765,100,1610612748,90
512,0022100450,20211219,6:00 PM ET,1610612763,100,1610612757,105
513,0022100451,20211219,6:00 PM ET,1610612758,121,1610612759,114
514,0022100448,20211219,8:00 PM ET,1610612741,115,1610612747,110
515,0022100455,20211219,8:00 PM ET,1610612750,111,1610612742,105
516,0022100456,20211219,8:00 PM ET,1610612756,137,1610612766,106
517,0022100457,20211220,7:30 PM ET,1610612738,103,1610612755,108
518,0022100459,20211220,8:00 PM ET,1610612741,133,1610612745,118
519,0022100460,20211220,8:00 PM ET,1610612763,99,1610612760,102
520,0022100461,20211220,9:00 PM ET,1610612762,112,1610612766,102
521,0022100462,20211220,10:00 PM ET,1610612744,113,1610612758,98
522,0022100463,20211220,10:30 PM ET,1610612746,92,1610612759,116
523,0022100465,20211221,7:30 PM ET,1610612748,125,1610612754,96
524,0022100466,20211221,7:30 PM ET,1610612752,105,1610612765,91
525,0022100467,20211221,8:00 PM ET,1610612740,111,1610612757,97
526,0022100468,20211221,8:30 PM ET,1610612742,114,1610612750,102
527,0022100469,20211221,10:00 PM ET,1610612747,90,1610612756,108
528,0022100470,20211222,7:30 PM ET,1610612737,98,1610612753,104
529,0022100471,20211222,7:30 PM ET,1610612738,111,1610612739,101
530,0022100473,20211222,8:00 PM ET,1610612749,126,1610612745,106
531,0022100474,20211222,8:00 PM ET,1610612760,108,1610612743,94
532,0022100475,20211222,10:00 PM ET,1610612758,89,1610612746,105
533,0022100476,20211223,7:00 PM ET,1610612754,118,1610612745,106
534,0022100477,20211223,7:00 PM ET,1610612753,104,1610612740,110
535,0022100478,20211223,7:00 PM ET,1610612755,96,1610612737,98
536,0022100479,20211223,7:30 PM ET,1610612748,115,1610612765,112
537,0022100480,20211223,7:30 PM ET,1610612752,117,1610612764,124
538,0022100481,20211223,8:30 PM ET,1610612742,95,1610612749,102
539,0022100482,20211223,9:00 PM ET,1610612743,107,1610612766,115
540,0022100483,20211223,9:00 PM ET,1610612756,113,1610612760,101
541,0022100484,20211223,9:00 PM ET,1610612762,128,1610612750,116
542,0022100485,20211223,10:00 PM ET,1610612744,113,1610612763,104
543,0022100487,20211223,10:30 PM ET,1610612747,110,1610612759,138
544,0022100488,20211225,12:00 PM ET,1610612752,101,1610612737,87
545,0022100489,20211225,2:30 PM ET,1610612749,117,1610612738,113
546,0022100490,20211225,5:00 PM ET,1610612756,107,1610612744,116
547,0022100491,20211225,8:00 PM ET,1610612747,115,1610612751,122
548,0022100492,20211225,10:30 PM ET,1610612762,120,1610612742,116
549,0022100493,20211226,3:30 PM ET,1610612748,93,1610612753,83
550,0022100494,20211226,6:00 PM ET,1610612739,144,1610612761,99
551,0022100495,20211226,6:00 PM ET,1610612764,96,1610612755,117
552,0022100496,20211226,6:00 PM ET,1610612758,102,1610612763,127
553,0022100497,20211226,7:00 PM ET,1610612760,117,1610612740,112
554,0022100498,20211226,7:00 PM ET,1610612759,144,1610612765,109
555,0022100499,20211226,8:00 PM ET,1610612741,113,1610612754,105
556,0022100500,20211226,9:00 PM ET,1610612746,100,1610612743,103
557,0022100501,20211227,7:00 PM ET,1610612766,123,1610612745,99
558,0022100502,20211227,7:30 PM ET,1610612737,118,1610612741,130
559,0022100503,20211227,8:00 PM ET,1610612750,108,1610612738,103
560,0022100504,20211227,8:30 PM ET,1610612759,104,1610612762,110
561,0022100505,20211227,9:00 PM ET,1610612756,113,1610612763,114
562,0022100506,20211227,10:00 PM ET,1610612757,117,1610612742,132
563,0022100507,20211227,10:30 PM ET,1610612746,108,1610612751,124
564,0022100508,20211228,7:00 PM ET,1610612753,110,1610612749,127
565,0022100509,20211228,7:30 PM ET,1610612748,119,1610612764,112
566,0022100510,20211228,7:30 PM ET,1610612761,109,1610612755,114
567,0022100511,20211228,8:00 PM ET,1610612745,123,1610612747,132
568,0022100512,20211228,8:00 PM ET,1610612750,88,1610612752,96
569,0022100513,20211228,8:00 PM ET,1610612740,108,1610612739,104
570,0022100514,20211228,10:00 PM ET,1610612744,86,1610612743,89
571,0022100515,20211228,10:00 PM ET,1610612758,117,1610612760,111
572,0022100516,20211229,7:00 PM ET,1610612765,85,1610612752,94
573,0022100517,20211229,7:00 PM ET,1610612754,108,1610612766,116
574,0022100518,20211229,7:30 PM ET,1610612738,82,1610612746,91
575,0022100519,20211229,8:00 PM ET,1610612741,131,1610612737,117
576,0022100520,20211229,8:00 PM ET,1610612763,104,1610612747,99
577,0022100522,20211229,9:00 PM ET,1610612756,115,1610612760,97
578,0022100523,20211229,10:00 PM ET,1610612757,105,1610612762,120
579,0022100524,20211229,10:30 PM ET,1610612758,95,1610612742,94
580,0022100525,20211230,7:00 PM ET,1610612751,102,1610612755,110
581,0022100526,20211230,7:00 PM ET,1610612753,118,1610612749,136
582,0022100527,20211230,7:00 PM ET,1610612764,110,1610612739,93
583,0022100529,20211231,1:00 PM ET,1610612738,123,1610612756,108
584,0022100530,20211231,3:00 PM ET,1610612754,106,1610612741,108
585,0022100531,20211231,6:00 PM ET,1610612758,96,1610612742,112
586,0022100532,20211231,7:00 PM ET,1610612745,110,1610612748,120
587,0022100533,20211231,7:30 PM ET,1610612739,118,1610612737,121
588,0022100534,20211231,7:30 PM ET,1610612761,116,1610612746,108
589,0022100535,20211231,8:00 PM ET,1610612763,118,1610612759,105
590,0022100536,20211231,8:00 PM ET,1610612760,95,1610612752,80
591,0022100537,20211231,9:00 PM ET,1610612762,120,1610612750,108
592,0022100538,20211231,10:30 PM ET,1610612747,139,1610612757,106
593,0022100539,20220101,6:30 PM ET,1610612749,136,1610612740,113
594,0022100540,20220101,7:00 PM ET,1610612765,117,1610612759,116
595,0022100541,20220101,7:00 PM ET,1610612764,119,1610612741,120
596,0022100542,20220101,7:30 PM ET,1610612751,116,1610612746,120
597,0022100543,20220101,8:00 PM ET,1610612745,111,1610612743,124
598,0022100544,20220101,9:00 PM ET,1610612762,116,1610612744,123
599,0022100545,20220102,3:30 PM ET,1610612761,120,1610612752,105
600,0022100546,20220102,6:00 PM ET,1610612738,116,1610612753,111
601,0022100547,20220102,6:00 PM ET,1610612739,108,1610612754,104
602,0022100548,20220102,6:00 PM ET,1610612758,115,1610612748,113
603,0022100549,20220102,7:00 PM ET,1610612766,99,1610612756,133
604,0022100550,20220102,7:00 PM ET,1610612760,86,1610612742,95
605,0022100551,20220102,9:30 PM ET,1610612747,108,1610612750,103
606,0022100552,20220103,7:00 PM ET,1610612755,133,1610612745,113
607,0022100553,20220103,7:00 PM ET,1610612764,124,1610612766,121
608,0022100554,20220103,7:30 PM ET,1610612751,104,1610612763,118
609,0022100555,20220103,8:00 PM ET,1610612741,102,1610612753,98
610,0022100556,20220103,8:00 PM ET,1610612749,106,1610612765,115
611,0022100557,20220103,8:00 PM ET,1610612740,104,1610612762,115
612,0022100558,20220103,8:30 PM ET,1610612742,103,1610612743,89
613,0022100559,20220103,10:00 PM ET,1610612744,115,1610612748,108
614,0022100560,20220103,10:00 PM ET,1610612757,136,1610612737,131
615,0022100561,20220103,10:30 PM ET,1610612746,104,1610612750,122
616,0022100562,20220104,7:00 PM ET,1610612739,106,1610612763,110
617,0022100563,20220104,7:00 PM ET,1610612761,129,1610612759,104
618,0022100564,20220104,7:30 PM ET,1610612752,104,1610612754,94
619,0022100565,20220104,8:00 PM ET,1610612740,110,1610612756,123
620,0022100566,20220104,10:30 PM ET,1610612747,122,1610612758,114
621,0022100567,20220105,7:00 PM ET,1610612766,140,1610612765,111
622,0022100568,20220105,7:00 PM ET,1610612753,106,1610612755,116
623,0022100569,20220105,7:00 PM ET,1610612764,111,1610612745,114
624,0022100570,20220105,7:30 PM ET,1610612738,97,1610612759,99
625,0022100571,20220105,7:30 PM ET,1610612754,121,1610612751,129
626,0022100572,20220105,7:30 PM ET,1610612742,99,1610612744,82
627,0022100573,20220105,8:00 PM ET,1610612749,111,1610612761,117
628,0022100574,20220105,8:00 PM ET,1610612750,98,1610612760,90
629,0022100575,20220105,10:00 PM ET,1610612743,109,1610612762,115
630,0022100576,20220105,10:00 PM ET,1610612757,109,1610612748,115
631,0022100577,20220105,10:00 PM ET,1610612758,102,1610612737,108
632,0022100578,20220106,7:30 PM ET,1610612752,108,1610612738,105
633,0022100579,20220106,8:00 PM ET,1610612763,118,1610612765,88
634,0022100580,20220106,8:00 PM ET,1610612740,101,1610612744,96
635,0022100581,20220106,10:00 PM ET,1610612756,106,1610612746,89
636,0022100582,20220107,7:00 PM ET,1610612755,119,1610612759,100
637,0022100583,20220107,7:30 PM ET,1610612751,109,1610612749,121
638,0022100584,20220107,7:30 PM ET,1610612761,122,1610612762,108
639,0022100585,20220107,8:00 PM ET,1610612741,130,1610612764,122
640,0022100586,20220107,8:00 PM ET,1610612745,106,1610612742,130
641,0022100587,20220107,8:00 PM ET,1610612760,105,1610612750,135
642,0022100588,20220107,9:00 PM ET,1610612743,121,1610612758,111
643,0022100589,20220107,10:00 PM ET,1610612747,134,1610612737,118
644,0022100590,20220107,10:00 PM ET,1610612757,101,1610612739,114
645,0022100591,20220108,3:30 PM ET,1610612746,108,1610612763,123
646,0022100592,20220108,7:00 PM ET,1610612766,114,1610612749,106
647,0022100593,20220108,7:00 PM ET,1610612765,97,1610612753,92
648,0022100594,20220108,7:00 PM ET,1610612754,125,1610612762,113
649,0022100595,20220108,7:30 PM ET,1610612738,99,1610612752,75
650,0022100596,20220108,9:00 PM ET,1610612756,100,1610612748,123
651,0022100602,20220109,12:00 PM ET,1610612751,121,1610612759,119
652,0022100597,20220109,3:30 PM ET,1610612746,106,1610612737,93
653,0022100598,20220109,6:00 PM ET,1610612753,100,1610612764,102
654,0022100599,20220109,6:00 PM ET,1610612761,105,1610612740,101
655,0022100600,20220109,7:00 PM ET,1610612745,123,1610612750,141
656,0022100601,20220109,7:00 PM ET,1610612760,95,1610612743,99
657,0022100603,20220109,7:30 PM ET,1610612742,113,1610612741,99
658,0022100604,20220109,8:30 PM ET,1610612744,96,1610612739,82
659,0022100605,20220109,9:00 PM ET,1610612757,103,1610612758,88
660,0022100606,20220109,9:30 PM ET,1610612747,119,1610612763,127
661,0022100607,20220110,7:00 PM ET,1610612766,103,1610612749,99
662,0022100608,20220110,7:00 PM ET,1610612765,126,1610612762,116
663,0022100609,20220110,7:30 PM ET,1610612738,101,1610612754,98
664,0022100610,20220110,7:30 PM ET,1610612752,111,1610612759,96
665,0022100711,20220110,8:00 PM ET,1610612745,91,1610612755,111
666,0022100486,20220110,10:00 PM ET,1610612757,114,1610612751,108
667,0022100611,20220110,10:00 PM ET,1610612758,108,1610612739,109
668,0022100612,20220111,7:00 PM ET,1610612764,122,1610612760,118
669,0022100613,20220111,7:30 PM ET,1610612761,95,1610612756,99
670,0022100415,20220111,8:00 PM ET,1610612741,133,1610612765,87
671,0022100614,20220111,8:00 PM ET,1610612763,116,1610612744,108
672,0022100615,20220111,8:00 PM ET,1610612740,128,1610612750,125
673,0022100616,20220111,10:30 PM ET,1610612746,87,1610612743,85
674,0022100618,20220112,7:00 PM ET,1610612754,100,1610612738,119
675,0022100619,20220112,7:00 PM ET,1610612755,98,1610612766,109
676,0022100620,20220112,7:00 PM ET,1610612764,112,1610612753,106
677,0022100621,20220112,7:30 PM ET,1610612737,91,1610612748,115
678,0022100622,20220112,7:30 PM ET,1610612752,108,1610612742,85
679,0022100623,20220112,8:30 PM ET,1610612759,124,1610612745,128
680,0022100624,20220112,9:00 PM ET,1610612762,91,1610612739,111
681,0022100625,20220112,10:00 PM ET,1610612741,112,1610612751,138
682,0022100626,20220112,10:00 PM ET,1610612758,125,1610612747,116
683,0022100627,20220113,7:30 PM ET,1610612749,118,1610612744,99
684,0022100628,20220113,8:00 PM ET,1610612763,116,1610612750,108
685,0022100629,20220113,8:00 PM ET,1610612740,113,1610612746,89
686,0022100630,20220113,8:30 PM ET,1610612751,109,1610612760,130
687,0022100631,20220113,10:00 PM ET,1610612743,140,1610612757,108
688,0022100632,20220114,7:00 PM ET,1610612766,109,1610612753,116
689,0022100633,20220114,7:00 PM ET,1610612765,103,1610612761,87
690,0022100634,20220114,7:00 PM ET,1610612754,94,1610612756,112
691,0022100635,20220114,7:00 PM ET,1610612755,111,1610612738,99
692,0022100637,20220114,7:30 PM ET,1610612741,96,1610612744,138
693,0022100636,20220114,8:00 PM ET,1610612748,124,1610612737,118
694,0022100638,20220114,8:30 PM ET,1610612759,109,1610612739,114
695,0022100639,20220114,10:00 PM ET,1610612763,85,1610612742,112
696,0022100640,20220114,10:00 PM ET,1610612758,126,1610612745,114
697,0022100641,20220115,6:30 PM ET,1610612749,96,1610612761,103
698,0022100642,20220115,7:00 PM ET,1610612764,110,1610612757,115
699,0022100643,20220115,7:30 PM ET,1610612737,108,1610612752,117
700,0022100644,20220115,7:30 PM ET,1610612751,120,1610612740,105
701,0022100645,20220115,8:00 PM ET,1610612748,98,1610612755,109
702,0022100646,20220115,8:00 PM ET,1610612760,102,1610612739,107
703,0022100647,20220115,8:30 PM ET,1610612738,114,1610612741,112
704,0022100648,20220115,8:30 PM ET,1610612759,101,1610612746,94
705,0022100649,20220115,9:00 PM ET,1610612743,133,1610612747,96
706,0022100650,20220115,9:30 PM ET,1610612742,108,1610612753,92
707,0022100617,20220116,1:00 PM ET,1610612765,108,1610612756,135
708,0022100651,20220116,6:00 PM ET,1610612758,112,1610612745,118
709,0022100652,20220116,8:00 PM ET,1610612750,119,1610612744,99
710,0022100653,20220116,8:00 PM ET,1610612743,102,1610612762,125
711,0022100654,20220117,12:30 PM ET,1610612738,104,1610612740,92
712,0022100655,20220117,1:00 PM ET,1610612752,87,1610612766,97
713,0022100656,20220117,2:00 PM ET,1610612764,117,1610612755,98
714,0022100657,20220117,3:00 PM ET,1610612739,114,1610612751,107
715,0022100658,20220117,3:30 PM ET,1610612763,119,1610612741,106
716,0022100659,20220117,3:30 PM ET,1610612746,139,1610612754,133
717,0022100660,20220117,6:00 PM ET,1610612737,121,1610612749,114
718,0022100661,20220117,7:00 PM ET,1610612753,88,1610612757,98
719,0022100662,20220117,7:30 PM ET,1610612748,104,1610612761,99
720,0022100663,20220117,8:30 PM ET,1610612742,104,1610612760,102
721,0022100664,20220117,8:30 PM ET,1610612759,107,1610612756,121
722,0022100665,20220117,10:30 PM ET,1610612747,101,1610612762,95
723,0022100666,20220118,7:30 PM ET,1610612752,110,1610612750,112
724,0022100667,20220118,10:00 PM ET,1610612744,102,1610612765,86
725,0022100668,20220119,7:00 PM ET,1610612755,123,1610612753,110
726,0022100669,20220119,7:00 PM ET,1610612764,118,1610612751,119
727,0022100670,20220119,7:30 PM ET,1610612737,134,1610612750,122
728,0022100671,20220119,7:30 PM ET,1610612738,102,1610612766,111
729,0022100672,20220119,7:30 PM ET,1610612748,104,1610612757,92
730,0022100673,20220119,8:00 PM ET,1610612741,117,1610612739,104
731,0022100674,20220119,8:00 PM ET,1610612749,126,1610612763,114
732,0022100675,20220119,8:30 PM ET,1610612742,102,1610612761,98
733,0022100676,20220119,8:30 PM ET,1610612759,118,1610612760,96
734,0022100677,20220119,9:00 PM ET,1610612762,111,1610612745,116
735,0022100678,20220119,10:00 PM ET,1610612743,130,1610612746,128
736,0022100679,20220119,10:00 PM ET,1610612758,131,1610612765,133
737,0022100680,20220119,10:30 PM ET,1610612747,104,1610612754,111
738,0022100681,20220120,7:30 PM ET,1610612752,91,1610612740,102
739,0022100682,20220120,7:30 PM ET,1610612742,101,1610612756,109
740,0022100683,20220120,10:00 PM ET,1610612744,117,1610612754,121
741,0022100684,20220121,7:00 PM ET,1610612766,121,1610612760,98
742,0022100685,20220121,7:00 PM ET,1610612753,105,1610612747,116
743,0022100686,20220121,7:00 PM ET,1610612755,101,1610612746,102
744,0022100687,20220121,7:30 PM ET,1610612737,110,1610612748,108
745,0022100688,20220121,7:30 PM ET,1610612738,105,1610612757,109
746,0022100689,20220121,8:00 PM ET,1610612764,105,1610612761,109
747,0022100690,20220121,8:00 PM ET,1610612749,94,1610612741,90
748,0022100691,20220121,8:30 PM ET,1610612759,102,1610612751,117
749,0022100692,20220121,9:00 PM ET,1610612743,118,1610612763,122
750,0022100693,20220121,9:00 PM ET,1610612762,111,1610612765,101
751,0022100694,20220121,10:00 PM ET,1610612744,105,1610612745,103
752,0022100696,20220122,7:00 PM ET,1610612749,133,1610612758,127
753,0022100695,20220122,8:00 PM ET,1610612739,94,1610612760,87
754,0022100697,20220122,9:00 PM ET,1610612756,113,1610612754,103
755,0022100698,20220123,1:00 PM ET,1610612752,110,1610612746,102
756,0022100699,20220123,3:30 PM ET,1610612764,87,1610612738,116
757,0022100700,20220123,6:00 PM ET,1610612748,113,1610612747,107
758,0022100701,20220123,6:00 PM ET,1610612753,114,1610612741,95
759,0022100702,20220123,6:00 PM ET,1610612761,105,1610612757,114
760,0022100703,20220123,7:00 PM ET,1610612766,91,1610612737,113
761,0022100704,20220123,7:00 PM ET,1610612759,109,1610612755,115
762,0022100705,20220123,7:30 PM ET,1610612742,104,1610612763,91
763,0022100706,20220123,8:00 PM ET,1610612750,136,1610612751,125
764,0022100707,20220123,8:00 PM ET,1610612743,117,1610612765,111
765,0022100708,20220123,8:30 PM ET,1610612744,94,1610612762,92
766,0022100709,20220124,7:00 PM ET,1610612739,95,1610612752,93
767,0022100712,20220124,8:00 PM ET,1610612740,117,1610612754,113
768,0022100730,20220124,8:00 PM ET,1610612760,110,1610612741,111
769,0022100713,20220124,9:00 PM ET,1610612756,115,1610612762,109
770,0022100454,20220125,7:00 PM ET,1610612755,117,1610612740,107
771,0022100714,20220125,7:00 PM ET,1610612765,105,1610612743,110
772,0022100715,20220125,7:00 PM ET,1610612761,125,1610612766,113
773,0022100716,20220125,7:00 PM ET,1610612764,115,1610612746,116
774,0022100717,20220125,7:30 PM ET,1610612738,128,1610612758,75
775,0022100718,20220125,7:30 PM ET,1610612751,96,1610612747,106
776,0022100719,20220125,8:00 PM ET,1610612745,104,1610612759,134
777,0022100720,20220125,10:00 PM ET,1610612744,130,1610612742,92
778,0022100721,20220125,10:00 PM ET,1610612757,107,1610612750,109
779,0022100722,20220126,7:00 PM ET,1610612739,115,1610612749,99
780,0022100723,20220126,7:00 PM ET,1610612754,126,1610612766,158
781,0022100724,20220126,7:00 PM ET,1610612753,102,1610612746,111
782,0022100725,20220126,7:30 PM ET,1610612737,121,1610612758,104
783,0022100727,20220126,7:30 PM ET,1610612748,110,1610612752,96
784,0022100453,20220126,8:00 PM ET,1610612751,118,1610612743,124
785,0022100472,20220126,8:00 PM ET,1610612741,111,1610612761,105
786,0022100728,20220126,8:30 PM ET,1610612759,110,1610612763,118
787,0022100731,20220126,10:00 PM ET,1610612762,97,1610612756,105
788,0022100732,20220126,10:00 PM ET,1610612757,112,1610612742,132
789,0022100733,20220127,7:30 PM ET,1610612755,105,1610612747,87
790,0022100734,20220127,10:00 PM ET,1610612744,124,1610612750,115
791,0022100736,20220128,7:00 PM ET,1610612753,119,1610612765,103
792,0022100735,20220128,7:30 PM ET,1610612766,117,1610612747,114
793,0022100737,20220128,7:30 PM ET,1610612737,108,1610612738,92
794,0022100729,20220128,8:00 PM ET,1610612740,105,1610612743,116
795,0022100738,20220128,8:00 PM ET,1610612748,121,1610612746,114
796,0022100739,20220128,8:00 PM ET,1610612745,110,1610612757,125
797,0022100740,20220128,8:00 PM ET,1610612763,119,1610612762,109
798,0022100741,20220128,8:00 PM ET,1610612760,110,1610612754,113
799,0022100742,20220128,8:30 PM ET,1610612759,131,1610612741,122
800,0022100743,20220128,9:00 PM ET,1610612756,134,1610612750,124
801,0022100744,20220128,10:00 PM ET,1610612749,123,1610612752,108
802,0022100745,20220129,7:00 PM ET,1610612740,97,1610612738,107
803,0022100746,20220129,7:00 PM ET,1610612742,132,1610612754,105
804,0022100747,20220129,7:30 PM ET,1610612755,103,1610612758,101
805,0022100748,20220129,8:00 PM ET,1610612748,120,1610612761,124
806,0022100749,20220129,8:00 PM ET,1610612763,115,1610612764,95
807,0022100750,20220129,8:30 PM ET,1610612744,110,1610612751,106
808,0022100751,20220130,1:00 PM ET,1610612737,129,1610612747,121
809,0022100752,20220130,1:00 PM ET,1610612766,90,1610612746,115
810,0022100753,20220130,3:30 PM ET,1610612741,130,1610612757,116
811,0022100754,20220130,6:00 PM ET,1610612765,115,1610612739,105
812,0022100755,20220130,7:00 PM ET,1610612753,110,1610612742,108
813,0022100756,20220130,7:00 PM ET,1610612749,100,1610612743,136
814,0022100757,20220130,8:00 PM ET,1610612750,126,1610612762,106
815,0022100758,20220130,8:00 PM ET,1610612756,115,1610612759,110
816,0022100759,20220131,7:00 PM ET,1610612739,93,1610612740,90
817,0022100760,20220131,7:00 PM ET,1610612754,122,1610612746,116
818,0022100761,20220131,7:00 PM ET,1610612755,122,1610612763,119
819,0022100762,20220131,7:30 PM ET,1610612738,122,1610612748,92
820,0022100763,20220131,7:30 PM ET,1610612752,116,1610612758,96
821,0022100767,20220131,7:30 PM ET,1610612737,100,1610612761,106
822,0022100764,20220131,8:00 PM ET,1610612745,108,1610612744,122
823,0022100765,20220131,8:00 PM ET,1610612760,98,1610612757,81
824,0022100766,20220201,7:00 PM ET,1610612765,101,1610612740,111
825,0022100768,20220201,7:30 PM ET,1610612749,112,1610612764,98
826,0022100784,20220201,7:30 PM ET,1610612761,110,1610612748,106
827,0022100769,20220201,8:00 PM ET,1610612741,126,1610612753,115
828,0022100770,20220201,8:00 PM ET,1610612750,130,1610612743,115
829,0022100771,20220201,8:30 PM ET,1610612759,120,1610612744,124
830,0022100772,20220201,10:00 PM ET,1610612756,121,1610612751,111
831,0022100773,20220202,7:00 PM ET,1610612754,118,1610612753,119
832,0022100774,20220202,7:00 PM ET,1610612755,103,1610612764,106
833,0022100775,20220202,7:30 PM ET,1610612738,113,1610612766,107
834,0022100776,20220202,7:30 PM ET,1610612752,108,1610612763,120
835,0022100777,20220202,8:00 PM ET,1610612745,115,1610612739,104
836,0022100778,20220202,8:30 PM ET,1610612742,114,1610612760,120
837,0022100779,20220202,10:00 PM ET,1610612762,108,1610612743,104
838,0022100780,20220202,10:00 PM ET,1610612758,112,1610612751,101
839,0022100781,20220202,10:30 PM ET,1610612747,99,1610612757,94
840,0022100521,20220203,7:00 PM ET,1610612759,95,1610612748,112
841,0022100782,20220203,7:00 PM ET,1610612765,117,1610612750,128
842,0022100430,20220203,7:30 PM ET,1610612761,127,1610612741,120
843,0022100783,20220203,7:30 PM ET,1610612737,124,1610612756,115
844,0022100785,20220203,10:00 PM ET,1610612744,126,1610612758,114
845,0022100786,20220203,10:00 PM ET,1610612746,111,1610612747,110
846,0022100787,20220204,7:00 PM ET,1610612766,101,1610612739,102
847,0022100788,20220204,7:00 PM ET,1610612765,93,1610612738,102
848,0022100789,20220204,7:00 PM ET,1610612754,115,1610612741,122
849,0022100790,20220204,7:30 PM ET,1610612761,125,1610612737,114
850,0022100792,20220204,8:30 PM ET,1610612759,131,1610612745,106
851,0022100793,20220204,9:00 PM ET,1610612762,125,1610612751,102
852,0022100794,20220204,9:00 PM ET,1610612743,105,1610612740,113
853,0022100791,20220204,10:00 PM ET,1610612742,107,1610612755,98
854,0022100795,20220204,10:00 PM ET,1610612757,93,1610612760,96
855,0022100796,20220205,5:00 PM ET,1610612753,115,1610612763,135
856,0022100797,20220205,7:00 PM ET,1610612766,86,1610612748,104
857,0022100798,20220205,7:00 PM ET,1610612764,80,1610612756,95
858,0022100799,20220205,8:30 PM ET,1610612747,122,1610612752,115
859,0022100800,20220205,10:00 PM ET,1610612757,108,1610612749,137
860,0022100801,20220205,10:00 PM ET,1610612758,113,1610612760,103
861,0022100802,20220206,3:30 PM ET,1610612741,108,1610612755,119
862,0022100803,20220206,3:30 PM ET,1610612750,118,1610612765,105
863,0022100804,20220206,3:30 PM ET,1610612743,124,1610612751,104
864,0022100805,20220206,6:00 PM ET,1610612739,98,1610612754,85
865,0022100806,20220206,6:00 PM ET,1610612753,83,1610612738,116
866,0022100807,20220206,6:00 PM ET,1610612742,103,1610612737,94
867,0022100808,20220206,7:00 PM ET,1610612745,107,1610612740,120
868,0022100809,20220206,9:00 PM ET,1610612746,113,1610612749,137
869,0022100810,20220207,7:00 PM ET,1610612766,101,1610612761,116
870,0022100811,20220207,7:00 PM ET,1610612764,100,1610612748,121
871,0022100812,20220207,8:00 PM ET,1610612741,124,1610612756,127
872,0022100813,20220207,8:00 PM ET,1610612760,98,1610612744,110
873,0022100814,20220207,9:00 PM ET,1610612762,113,1610612752,104
874,0022100815,20220208,7:00 PM ET,1610612755,109,1610612756,114
875,0022100816,20220208,7:30 PM ET,1610612737,133,1610612754,112
876,0022100817,20220208,7:30 PM ET,1610612751,91,1610612738,126
877,0022100818,20220208,8:00 PM ET,1610612763,135,1610612746,109
878,0022100819,20220208,8:00 PM ET,1610612740,110,1610612745,97
879,0022100820,20220208,8:30 PM ET,1610612742,116,1610612765,86
880,0022100821,20220208,9:00 PM ET,1610612743,132,1610612752,115
881,0022100822,20220208,10:00 PM ET,1610612747,116,1610612749,131
882,0022100823,20220208,10:00 PM ET,1610612757,95,1610612753,113
883,0022100824,20220208,10:00 PM ET,1610612758,114,1610612750,134
884,0022100825,20220209,7:00 PM ET,1610612739,105,1610612759,92
885,0022100826,20220209,7:30 PM ET,1610612766,109,1610612741,121
886,0022100827,20220209,8:00 PM ET,1610612760,98,1610612761,117
887,0022100828,20220209,10:00 PM ET,1610612762,111,1610612744,85
888,0022100829,20220209,10:00 PM ET,1610612757,107,1610612747,105
889,0022100830,20220209,10:00 PM ET,1610612758,132,1610612750,119
890,0022100831,20220210,7:00 PM ET,1610612765,107,1610612763,132
891,0022100832,20220210,7:30 PM ET,1610612764,113,1610612751,112
892,0022100833,20220210,7:30 PM ET,1610612740,97,1610612748,112
893,0022100834,20220210,8:00 PM ET,1610612745,120,1610612761,139
894,0022100835,20220210,8:30 PM ET,1610612742,112,1610612746,105
895,0022100836,20220210,10:00 PM ET,1610612756,131,1610612749,107
896,0022100837,20220210,10:00 PM ET,1610612744,114,1610612752,116
897,0022100838,20220211,7:00 PM ET,1610612765,119,1610612766,141
898,0022100839,20220211,7:00 PM ET,1610612754,113,1610612739,120
899,0022100840,20220211,7:00 PM ET,1610612755,100,1610612760,87
900,0022100841,20220211,7:30 PM ET,1610612737,121,1610612759,136
901,0022100842,20220211,7:30 PM ET,1610612738,108,1610612743,102
902,0022100843,20220211,8:00 PM ET,1610612741,134,1610612750,122
903,0022100844,20220211,9:00 PM ET,1610612762,114,1610612753,99
904,0022100845,20220212,5:00 PM ET,1610612757,112,1610612752,103
905,0022100846,20220212,7:00 PM ET,1610612766,118,1610612763,125
906,0022100847,20220212,7:00 PM ET,1610612764,110,1610612758,123
907,0022100848,20220212,7:00 PM ET,1610612740,114,1610612759,124
908,0022100849,20220212,7:30 PM ET,1610612755,103,1610612739,93
909,0022100850,20220212,7:30 PM ET,1610612761,109,1610612743,110
910,0022100851,20220212,8:00 PM ET,1610612748,115,1610612751,111
911,0022100852,20220212,8:00 PM ET,1610612741,106,1610612760,101
912,0022100853,20220212,8:30 PM ET,1610612742,97,1610612746,99
913,0022100854,20220212,8:30 PM ET,1610612744,117,1610612747,115
914,0022100855,20220212,9:00 PM ET,1610612756,132,1610612753,105
915,0022100856,20220213,2:00 PM ET,1610612738,105,1610612737,95
916,0022100857,20220213,3:00 PM ET,1610612754,120,1610612750,129
917,0022100858,20220214,7:00 PM ET,1610612764,103,1610612765,94
918,0022100859,20220214,7:30 PM ET,1610612751,109,1610612758,85
919,0022100860,20220214,7:30 PM ET,1610612752,123,1610612760,127
920,0022100861,20220214,8:00 PM ET,1610612741,120,1610612759,109
921,0022100862,20220214,8:00 PM ET,1610612749,107,1610612757,122
922,0022100863,20220214,8:00 PM ET,1610612740,120,1610612761,90
923,0022100864,20220214,9:00 PM ET,1610612743,121,1610612753,111
924,0022100865,20220214,9:00 PM ET,1610612762,135,1610612745,101
925,0022100866,20220214,10:30 PM ET,1610612746,119,1610612744,104
926,0022100867,20220215,7:30 PM ET,1610612737,124,1610612739,116
927,0022100868,20220215,7:30 PM ET,1610612748,99,1610612742,107
928,0022100869,20220215,7:30 PM ET,1610612755,87,1610612738,135
929,0022100870,20220215,8:00 PM ET,1610612749,128,1610612754,119
930,0022100871,20220215,8:00 PM ET,1610612750,126,1610612766,120
931,0022100872,20220215,8:00 PM ET,1610612740,109,1610612763,121
932,0022100873,20220215,10:00 PM ET,1610612756,103,1610612746,96
933,0022100874,20220216,7:00 PM ET,1610612753,109,1610612737,130
934,0022100875,20220216,7:30 PM ET,1610612738,111,1610612765,112
935,0022100876,20220216,7:30 PM ET,1610612754,113,1610612764,108
936,0022100877,20220216,7:30 PM ET,1610612752,106,1610612751,111
937,0022100878,20220216,8:00 PM ET,1610612741,125,1610612758,118
938,0022100879,20220216,8:00 PM ET,1610612763,119,1610612757,123
939,0022100880,20220216,8:00 PM ET,1610612750,91,1610612761,103
940,0022100881,20220216,8:00 PM ET,1610612760,106,1610612759,114
941,0022100882,20220216,9:00 PM ET,1610612756,124,1610612745,121
942,0022100883,20220216,10:00 PM ET,1610612744,116,1610612743,117
943,0022100884,20220216,10:00 PM ET,1610612747,106,1610612762,101
944,0022100885,20220217,7:00 PM ET,1610612766,107,1610612748,111
945,0022100464,20220217,7:30 PM ET,1610612751,103,1610612764,117
946,0022100886,20220217,8:00 PM ET,1610612740,118,1610612742,125
947,0022100887,20220217,8:30 PM ET,1610612749,120,1610612755,123
948,0022100888,20220217,10:30 PM ET,1610612746,142,1610612745,111
949,0032100001,20220220,8:00 PM ET,1610616834,163,1610616833,160
950,0022100889,20220224,7:00 PM ET,1610612765,106,1610612739,103
951,0022100890,20220224,7:30 PM ET,1610612751,106,1610612738,129
952,0022100891,20220224,8:00 PM ET,1610612741,112,1610612737,108
953,0022100892,20220224,8:00 PM ET,1610612750,119,1610612763,114
954,0022100893,20220224,8:00 PM ET,1610612760,104,1610612756,124
955,0022100894,20220224,10:00 PM ET,1610612757,95,1610612744,132
956,0022100895,20220224,10:00 PM ET,1610612758,110,1610612743,128
957,0022100896,20220225,7:00 PM ET,1610612766,125,1610612761,93
958,0022100897,20220225,7:00 PM ET,1610612754,125,1610612760,129
959,0022100898,20220225,7:00 PM ET,1610612753,119,1610612745,111
960,0022100899,20220225,7:00 PM ET,1610612764,153,1610612759,157
961,0022100900,20220225,7:30 PM ET,1610612752,100,1610612748,115
962,0022100901,20220225,8:00 PM ET,1610612750,102,1610612755,133
963,0022100902,20220225,9:00 PM ET,1610612756,102,1610612740,117
964,0022100903,20220225,9:00 PM ET,1610612762,114,1610612742,109
965,0022100904,20220225,10:00 PM ET,1610612747,102,1610612746,105
966,0022100905,20220226,12:00 PM ET,1610612765,104,1610612738,113
967,0022100906,20220226,7:30 PM ET,1610612737,127,1610612761,100
968,0022100907,20220226,8:00 PM ET,1610612739,92,1610612764,86
969,0022100908,20220226,8:00 PM ET,1610612748,133,1610612759,129
970,0022100909,20220226,8:00 PM ET,1610612741,110,1610612763,116
971,0022100910,20220226,8:30 PM ET,1610612749,123,1610612751,126
972,0022100911,20220226,9:00 PM ET,1610612743,115,1610612758,110
973,0022100912,20220227,1:00 PM ET,1610612752,109,1610612755,125
974,0022100913,20220227,3:30 PM ET,1610612756,114,1610612762,118
975,0022100914,20220227,5:00 PM ET,1610612754,128,1610612738,107
976,0022100915,20220227,7:00 PM ET,1610612766,126,1610612765,127
977,0022100916,20220227,7:00 PM ET,1610612745,98,1610612746,99
978,0022100917,20220227,7:30 PM ET,1610612744,101,1610612742,107
979,0022100918,20220227,9:00 PM ET,1610612757,92,1610612743,124
980,0022100919,20220227,10:00 PM ET,1610612747,95,1610612740,123
981,0022100920,20220228,7:00 PM ET,1610612739,122,1610612750,127
982,0022100921,20220228,7:00 PM ET,1610612753,119,1610612754,103
983,0022100726,20220228,7:30 PM ET,1610612751,97,1610612761,133
984,0022100922,20220228,7:30 PM ET,1610612748,112,1610612741,99
985,0022100923,20220228,8:00 PM ET,1610612763,118,1610612759,105
986,0022100924,20220228,8:00 PM ET,1610612749,130,1610612766,106
987,0022100925,20220228,8:00 PM ET,1610612760,110,1610612758,131
988,0022100926,20220301,7:00 PM ET,1610612764,116,1610612765,113
989,0022100927,20220301,7:30 PM ET,1610612738,107,1610612737,98
990,0022100928,20220301,7:30 PM ET,1610612761,109,1610612751,108
991,0022100929,20220301,8:00 PM ET,1610612745,100,1610612746,113
992,0022100930,20220301,8:00 PM ET,1610612750,129,1610612744,114
993,0022100931,20220301,10:00 PM ET,1610612747,104,1610612742,109
994,0022100932,20220302,7:00 PM ET,1610612739,98,1610612766,119
995,0022100933,20220302,7:00 PM ET,1610612753,114,1610612754,122
996,0022100934,20220302,7:30 PM ET,1610612755,123,1610612752,108
997,0022100935,20220302,8:00 PM ET,1610612745,127,1610612762,132
998,0022100936,20220302,8:00 PM ET,1610612749,120,1610612748,119
999,0022100937,20220302,8:00 PM ET,1610612740,125,1610612758,95
1000,0022100938,20220302,9:00 PM ET,1610612743,107,1610612760,119
1001,0022100939,20220302,10:00 PM ET,1610612756,120,1610612757,90
1002,0022100710,20220303,7:00 PM ET,1610612737,130,1610612741,124
1003,0022100940,20220303,7:30 PM ET,1610612738,120,1610612763,107
1004,0022100941,20220303,7:30 PM ET,1610612751,107,1610612748,113
1005,0022100942,20220303,7:30 PM ET,1610612761,106,1610612765,108
1006,0022100943,20220303,8:30 PM ET,1610612742,122,1610612744,113
1007,0022100944,20220303,8:30 PM ET,1610612759,112,1610612758,115
1008,0022100945,20220303,10:00 PM ET,1610612746,132,1610612747,111
1009,0022100946,20220304,7:00 PM ET,1610612765,111,1610612754,106
1010,0022100947,20220304,7:00 PM ET,1610612755,125,1610612739,119
1011,0022100948,20220304,7:00 PM ET,1610612764,114,1610612737,117
1012,0022100458,20220304,7:30 PM ET,1610612761,97,1610612753,103
1013,0022100949,20220304,7:30 PM ET,1610612741,112,1610612749,118
1014,0022100950,20220304,8:00 PM ET,1610612740,124,1610612762,90
1015,0022100951,20220304,8:00 PM ET,1610612760,101,1610612750,138
1016,0022100952,20220304,9:00 PM ET,1610612743,116,1610612745,101
1017,0022100953,20220304,10:00 PM ET,1610612756,115,1610612752,114
1018,0022100954,20220305,5:00 PM ET,1610612742,114,1610612758,113
1019,0022100955,20220305,7:00 PM ET,1610612766,123,1610612759,117
1020,0022100956,20220305,8:00 PM ET,1610612748,99,1610612755,82
1021,0022100957,20220305,8:00 PM ET,1610612763,124,1610612753,96
1022,0022100958,20220305,8:00 PM ET,1610612750,135,1610612757,121
1023,0022100959,20220305,8:30 PM ET,1610612747,124,1610612744,116
1024,0022100960,20220306,1:00 PM ET,1610612738,126,1610612751,120
1025,0022100961,20220306,3:30 PM ET,1610612749,132,1610612756,122
1026,0022100963,20220306,6:00 PM ET,1610612764,133,1610612754,123
1027,0022100964,20220306,7:00 PM ET,1610612745,123,1610612763,112
1028,0022100965,20220306,7:00 PM ET,1610612760,103,1610612762,116
1029,0022100962,20220306,7:30 PM ET,1610612739,104,1610612761,96
1030,0022100967,20220306,8:00 PM ET,1610612743,138,1610612740,130
1031,0022100966,20220306,10:00 PM ET,1610612746,93,1610612752,116
1032,0022100968,20220307,7:00 PM ET,1610612765,113,1610612737,110
1033,0022100969,20220307,7:00 PM ET,1610612755,121,1610612741,106
1034,0022100970,20220307,7:30 PM ET,1610612748,123,1610612745,106
1035,0022100971,20220307,8:00 PM ET,1610612750,124,1610612757,81
1036,0022100972,20220307,8:30 PM ET,1610612742,111,1610612762,103
1037,0022100973,20220307,8:30 PM ET,1610612759,117,1610612747,110
1038,0022100528,20220307,9:00 PM ET,1610612743,131,1610612744,124
1039,0022100974,20220307,10:30 PM ET,1610612758,115,1610612752,131
1040,0022100975,20220308,7:00 PM ET,1610612766,121,1610612751,132
1041,0022100976,20220308,7:00 PM ET,1610612754,124,1610612739,127
1042,0022100977,20220308,7:00 PM ET,1610612753,99,1610612756,102
1043,0022100978,20220308,7:30 PM ET,1610612763,132,1610612740,111
1044,0022100979,20220308,8:00 PM ET,1610612760,115,1610612749,142
1045,0022100980,20220308,10:00 PM ET,1610612744,112,1610612746,97
1046,0022100981,20220309,7:00 PM ET,1610612766,101,1610612738,115
1047,0022100982,20220309,7:00 PM ET,1610612765,108,1610612741,114
1048,0022100983,20220309,7:30 PM ET,1610612748,90,1610612756,111
1049,0022100984,20220309,8:00 PM ET,1610612749,124,1610612737,115
1050,0022100985,20220309,8:00 PM ET,1610612745,139,1610612747,130
1051,0022100986,20220309,8:00 PM ET,1610612750,132,1610612760,102
1052,0022100987,20220309,8:00 PM ET,1610612740,102,1610612753,108
1053,0022100988,20220309,8:30 PM ET,1610612742,77,1610612752,107
1054,0022100989,20220309,8:30 PM ET,1610612759,104,1610612761,119
1055,0022100990,20220309,10:00 PM ET,1610612762,123,1610612757,85
1056,0022100991,20220309,10:00 PM ET,1610612758,100,1610612743,106
1057,0022100992,20220309,10:30 PM ET,1610612746,115,1610612764,109
1058,0022100993,20220310,7:30 PM ET,1610612755,100,1610612751,129
1059,0022100994,20220310,10:00 PM ET,1610612743,102,1610612744,113
1060,0022100995,20220311,7:00 PM ET,1610612753,118,1610612750,110
1061,0022100996,20220311,7:30 PM ET,1610612737,112,1610612746,106
1062,0022100997,20220311,7:30 PM ET,1610612738,114,1610612765,103
1063,0022100998,20220311,8:00 PM ET,1610612748,117,1610612739,105
1064,0022100999,20220311,8:00 PM ET,1610612745,100,1610612742,113
1065,0022101000,20220311,8:00 PM ET,1610612763,118,1610612752,114
1066,0022101001,20220311,8:00 PM ET,1610612740,120,1610612766,142
1067,0022101002,20220311,8:30 PM ET,1610612759,104,1610612762,102
1068,0022101003,20220311,9:00 PM ET,1610612756,112,1610612761,117
1069,0022101004,20220311,10:30 PM ET,1610612747,122,1610612764,109
1070,0022101005,20220312,8:00 PM ET,1610612748,104,1610612750,113
1071,0022101006,20220312,8:00 PM ET,1610612741,101,1610612739,91
1072,0022101007,20220312,8:00 PM ET,1610612759,108,1610612754,119
1073,0022101008,20220312,8:30 PM ET,1610612744,122,1610612749,109
1074,0022101009,20220312,9:00 PM ET,1610612743,115,1610612761,127
1075,0022101010,20220312,9:00 PM ET,1610612762,134,1610612758,125
1076,0022101011,20220312,10:00 PM ET,1610612757,127,1610612764,118
1077,0022101012,20220313,1:00 PM ET,1610612751,110,1610612752,107
1078,0022101013,20220313,3:00 PM ET,1610612765,102,1610612746,106
1079,0022101014,20220313,3:30 PM ET,1610612738,92,1610612742,95
1080,0022101015,20220313,6:00 PM ET,1610612753,114,1610612755,116
1081,0022101016,20220313,7:00 PM ET,1610612737,131,1610612754,128
1082,0022101017,20220313,7:00 PM ET,1610612740,130,1610612745,105
1083,0022101018,20220313,7:00 PM ET,1610612760,118,1610612763,125
1084,0022101019,20220313,9:00 PM ET,1610612756,140,1610612747,111
1085,0022101020,20220314,7:00 PM ET,1610612739,120,1610612746,111
1086,0022101021,20220314,7:30 PM ET,1610612737,122,1610612757,113
1087,0022101022,20220314,7:30 PM ET,1610612755,110,1610612743,114
1088,0022101023,20220314,8:00 PM ET,1610612760,116,1610612766,134
1089,0022101024,20220314,8:30 PM ET,1610612759,139,1610612750,149
1090,0022101025,20220314,10:00 PM ET,1610612744,126,1610612764,112
1091,0022101026,20220314,10:00 PM ET,1610612758,112,1610612741,103
1092,0022101027,20220314,10:00 PM ET,1610612762,111,1610612749,117
1093,0022101028,20220314,10:30 PM ET,1610612747,103,1610612761,114
1094,0022101029,20220315,7:00 PM ET,1610612754,102,1610612763,135
1095,0022101030,20220315,7:00 PM ET,1610612753,108,1610612751,150
1096,0022101031,20220315,7:30 PM ET,1610612748,105,1610612765,98
1097,0022101032,20220315,8:00 PM ET,1610612740,115,1610612756,131
1098,0022101033,20220316,7:00 PM ET,1610612766,116,1610612737,106
1099,0022101034,20220316,7:00 PM ET,1610612739,114,1610612755,118
1100,0022101035,20220316,7:00 PM ET,1610612764,109,1610612743,127
1101,0022101036,20220316,7:30 PM ET,1610612751,111,1610612742,113
1102,0022101037,20220316,7:30 PM ET,1610612752,128,1610612757,98
1103,0022101038,20220316,8:00 PM ET,1610612745,112,1610612756,129
1104,0022101039,20220316,8:00 PM ET,1610612750,124,1610612747,104
1105,0022101040,20220316,8:30 PM ET,1610612759,122,1610612760,120
1106,0022101041,20220316,9:00 PM ET,1610612762,125,1610612741,110
1107,0022101042,20220316,10:00 PM ET,1610612744,88,1610612738,110
1108,0022101043,20220316,10:00 PM ET,1610612758,126,1610612749,135
1109,0022101044,20220316,10:30 PM ET,1610612746,100,1610612761,103
1110,0022101045,20220317,7:00 PM ET,1610612753,120,1610612765,134
1111,0022101046,20220318,7:00 PM ET,1610612755,111,1610612742,101
1112,0022101047,20220318,7:30 PM ET,1610612737,120,1610612763,105
1113,0022101048,20220318,7:30 PM ET,1610612751,128,1610612757,123
1114,0022101049,20220318,7:30 PM ET,1610612739,119,1610612743,116
1115,0022101050,20220318,7:30 PM ET,1610612752,100,1610612764,97
1116,0022101051,20220318,7:30 PM ET,1610612761,123,1610612747,128
1117,0022101052,20220318,8:00 PM ET,1610612748,120,1610612760,108
1118,0022101053,20220318,8:00 PM ET,1610612745,118,1610612754,121
1119,0022101054,20220318,8:30 PM ET,1610612759,91,1610612740,124
1120,0022101055,20220318,9:00 PM ET,1610612762,121,1610612746,92
1121,0022101056,20220318,10:00 PM ET,1610612756,129,1610612741,102
1122,0022101057,20220318,10:00 PM ET,1610612758,97,1610612738,126
1123,0022101058,20220319,5:00 PM ET,1610612750,138,1610612749,119
1124,0022101059,20220319,7:00 PM ET,1610612766,129,1610612742,108
1125,0022101060,20220319,8:00 PM ET,1610612739,113,1610612765,109
1126,0022101061,20220319,8:00 PM ET,1610612764,127,1610612747,119
1127,0022101062,20220320,3:30 PM ET,1610612754,129,1610612757,98
1128,0022101063,20220320,3:30 PM ET,1610612745,98,1610612763,122
1129,0022101064,20220320,6:00 PM ET,1610612737,112,1610612740,117
1130,0022101065,20220320,6:00 PM ET,1610612753,90,1610612760,85
1131,0022101066,20220320,6:00 PM ET,1610612758,124,1610612756,127
1132,0022101067,20220320,7:30 PM ET,1610612752,93,1610612762,108
1133,0022101068,20220320,8:00 PM ET,1610612743,104,1610612738,124
1134,0022101069,20220320,8:30 PM ET,1610612755,88,1610612761,93
1135,0022101070,20220320,8:30 PM ET,1610612744,108,1610612759,110
1136,0022101071,20220321,7:00 PM ET,1610612766,106,1610612740,103
1137,0022101072,20220321,7:00 PM ET,1610612739,120,1610612747,131
1138,0022101073,20220321,7:00 PM ET,1610612765,115,1610612757,119
1139,0022101074,20220321,7:30 PM ET,1610612755,113,1610612748,106
1140,0022101075,20220321,7:30 PM ET,1610612751,114,1610612762,106
1141,0022101076,20220321,8:00 PM ET,1610612741,113,1610612761,99
1142,0022101077,20220321,8:00 PM ET,1610612745,115,1610612764,97
1143,0022101078,20220321,8:00 PM ET,1610612760,123,1610612738,132
1144,0022101079,20220321,8:30 PM ET,1610612742,110,1610612750,108
1145,0022101080,20220322,7:00 PM ET,1610612753,94,1610612744,90
1146,0022101081,20220322,7:30 PM ET,1610612752,111,1610612737,117
1147,0022101082,20220322,8:00 PM ET,1610612749,126,1610612741,98
1148,0022101083,20220322,10:00 PM ET,1610612743,127,1610612746,115
1149,0022101084,20220323,7:00 PM ET,1610612766,106,1610612752,121
1150,0022101085,20220323,7:00 PM ET,1610612765,122,1610612737,101
1151,0022101086,20220323,7:00 PM ET,1610612754,109,1610612758,110
1152,0022101087,20220323,7:30 PM ET,1610612738,125,1610612762,97
1153,0022101088,20220323,7:30 PM ET,1610612748,104,1610612744,118
1154,0022101089,20220323,7:30 PM ET,1610612763,132,1610612751,120
1155,0022101090,20220323,8:00 PM ET,1610612750,116,1610612756,125
1156,0022101091,20220323,8:00 PM ET,1610612760,118,1610612753,102
1157,0022101092,20220323,8:30 PM ET,1610612742,110,1610612745,91
1158,0022101093,20220323,10:00 PM ET,1610612747,121,1610612755,126
1159,0022101094,20220323,10:00 PM ET,1610612757,96,1610612759,133
1160,0022101095,20220324,7:30 PM ET,1610612761,117,1610612739,104
1161,0022101096,20220324,8:00 PM ET,1610612763,133,1610612754,103
1162,0022101097,20220324,8:00 PM ET,1610612749,114,1610612764,102
1163,0022101098,20220324,8:00 PM ET,1610612740,126,1610612741,109
1164,0022101099,20220324,9:00 PM ET,1610612743,130,1610612756,140
1165,0022101100,20220325,7:00 PM ET,1610612766,107,1610612762,101
1166,0022101101,20220325,7:00 PM ET,1610612765,97,1610612764,100
1167,0022101102,20220325,7:30 PM ET,1610612737,121,1610612744,110
1168,0022101103,20220325,8:00 PM ET,1610612748,103,1610612752,111
1169,0022101104,20220325,8:00 PM ET,1610612750,116,1610612742,95
1170,0022101105,20220325,10:00 PM ET,1610612757,106,1610612745,125
1171,0022101106,20220325,10:30 PM ET,1610612746,97,1610612755,122
1172,0022101107,20220326,5:00 PM ET,1610612740,103,1610612759,107
1173,0022101108,20220326,7:00 PM ET,1610612753,110,1610612758,114
1174,0022101109,20220326,7:30 PM ET,1610612761,131,1610612754,91
1175,0022101110,20220326,8:00 PM ET,1610612739,94,1610612741,98
1176,0022101111,20220326,8:00 PM ET,1610612748,95,1610612751,110
1177,0022101112,20220326,8:00 PM ET,1610612763,127,1610612749,102
1178,0022101113,20220326,9:00 PM ET,1610612743,113,1610612760,107
1179,0022101114,20220326,10:00 PM ET,1610612757,98,1610612745,115
1180,0022101115,20220327,3:30 PM ET,1610612765,102,1610612752,104
1181,0022101116,20220327,6:00 PM ET,1610612738,134,1610612750,112
1182,0022101117,20220327,6:00 PM ET,1610612764,123,1610612744,115
1183,0022101118,20220327,6:00 PM ET,1610612756,114,1610612755,104
1184,0022101119,20220327,7:00 PM ET,1610612740,116,1610612747,108
1185,0022101120,20220327,7:30 PM ET,1610612751,110,1610612766,119
1186,0022101121,20220327,7:30 PM ET,1610612742,114,1610612762,100
1187,0022101122,20220328,7:00 PM ET,1610612766,109,1610612743,113
1188,0022101123,20220328,7:00 PM ET,1610612739,107,1610612753,101
1189,0022101124,20220328,7:00 PM ET,1610612754,123,1610612737,132
1190,0022101125,20220328,7:30 PM ET,1610612748,123,1610612758,100
1191,0022101126,20220328,7:30 PM ET,1610612752,109,1610612741,104
1192,0022101127,20220328,7:30 PM ET,1610612761,115,1610612738,112
1193,0022101128,20220328,8:00 PM ET,1610612745,120,1610612759,123
1194,0022101129,20220328,8:00 PM ET,1610612763,123,1610612744,95
1195,0022101130,20220328,10:00 PM ET,1610612757,131,1610612760,134
1196,0022101131,20220329,7:00 PM ET,1610612755,116,1610612749,118
1197,0022101132,20220329,7:00 PM ET,1610612764,94,1610612741,107
1198,0022101133,20220329,7:30 PM ET,1610612751,130,1610612765,123
1199,0022101134,20220329,7:30 PM ET,1610612742,128,1610612747,110
1200,0022101135,20220329,10:00 PM ET,1610612746,121,1610612762,115
1201,0022101136,20220330,7:00 PM ET,1610612739,112,1610612742,120
1202,0022101137,20220330,7:00 PM ET,1610612754,118,1610612743,125
1203,0022101138,20220330,7:00 PM ET,1610612764,127,1610612753,110
1204,0022101139,20220330,7:30 PM ET,1610612738,98,1610612748,106
1205,0022101140,20220330,7:30 PM ET,1610612752,114,1610612766,125
1206,0022101141,20220330,7:30 PM ET,1610612761,125,1610612750,102
1207,0022101142,20220330,8:00 PM ET,1610612745,118,1610612758,121
1208,0022101143,20220330,8:00 PM ET,1610612760,118,1610612737,136
1209,0022101144,20220330,8:30 PM ET,1610612759,111,1610612763,112
1210,0022101145,20220330,10:00 PM ET,1610612744,103,1610612756,107
1211,0022101146,20220330,10:00 PM ET,1610612757,107,1610612740,117
1212,0022101147,20220331,7:00 PM ET,1610612765,102,1610612755,94
1213,0022100452,20220331,7:30 PM ET,1610612737,131,1610612739,107
1214,0022101148,20220331,7:30 PM ET,1610612751,119,1610612749,120
1215,0022101149,20220331,8:00 PM ET,1610612741,135,1610612746,130
1216,0022101150,20220331,10:00 PM ET,1610612762,122,1610612747,109
1217,0022101151,20220401,7:00 PM ET,1610612753,89,1610612761,102
1218,0022101152,20220401,7:00 PM ET,1610612764,135,1610612742,103
1219,0022101153,20220401,7:30 PM ET,1610612738,128,1610612754,123
1220,0022101154,20220401,8:00 PM ET,1610612745,117,1610612758,122
1221,0022101155,20220401,8:00 PM ET,1610612763,122,1610612756,114
1222,0022101156,20220401,8:00 PM ET,1610612749,119,1610612746,153
1223,0022101157,20220401,8:00 PM ET,1610612760,101,1610612765,110
1224,0022101158,20220401,8:30 PM ET,1610612759,130,1610612757,111
1225,0022101159,20220401,9:00 PM ET,1610612743,130,1610612750,136
1226,0022101160,20220401,10:30 PM ET,1610612747,111,1610612740,114
1227,0022101161,20220402,12:30 PM ET,1610612755,144,1610612766,114
1228,0022101162,20220402,1:00 PM ET,1610612752,101,1610612739,119
1229,0022101163,20220402,7:30 PM ET,1610612737,122,1610612751,115
1230,0022101164,20220402,8:00 PM ET,1610612741,109,1610612748,127
1231,0022101165,20220402,8:30 PM ET,1610612744,111,1610612762,107
1232,0022101166,20220403,1:00 PM ET,1610612738,144,1610612764,102
1233,0022101167,20220403,1:00 PM ET,1610612749,112,1610612742,118
1234,0022101168,20220403,3:30 PM ET,1610612747,118,1610612743,129
1235,0022101169,20220403,5:00 PM ET,1610612754,117,1610612765,121
1236,0022101170,20220403,6:00 PM ET,1610612739,108,1610612755,112
1237,0022101171,20220403,6:00 PM ET,1610612753,88,1610612752,118
1238,0022101172,20220403,7:00 PM ET,1610612761,109,1610612748,114
1239,0022101173,20220403,7:00 PM ET,1610612745,132,1610612750,139
1240,0022101174,20220403,7:00 PM ET,1610612760,117,1610612756,96
1241,0022101175,20220403,7:00 PM ET,1610612759,113,1610612757,92
1242,0022101176,20220403,9:00 PM ET,1610612758,90,1610612744,109
1243,0022101177,20220403,9:30 PM ET,1610612746,119,1610612740,100
1244,0022101178,20220405,7:00 PM ET,1610612754,122,1610612755,131
1245,0022101179,20220405,7:00 PM ET,1610612753,120,1610612739,115
1246,0022101180,20220405,7:30 PM ET,1610612751,118,1610612745,105
1247,0022101181,20220405,7:30 PM ET,1610612748,144,1610612766,115
1248,0022101182,20220405,7:30 PM ET,1610612761,118,1610612737,108
1249,0022101183,20220405,8:00 PM ET,1610612741,106,1610612749,127
1250,0022101184,20220405,8:00 PM ET,1610612750,114,1610612764,132
1251,0022101185,20220405,8:00 PM ET,1610612760,98,1610612757,94
1252,0022101186,20220405,9:00 PM ET,1610612743,97,1610612759,116
1253,0022101187,20220405,9:00 PM ET,1610612762,121,1610612763,115
1254,0022101188,20220405,10:00 PM ET,1610612758,109,1610612740,123
1255,0022101189,20220405,10:30 PM ET,1610612756,121,1610612747,110
1256,0022101190,20220406,7:00 PM ET,1610612765,113,1610612742,131
1257,0022101191,20220406,7:30 PM ET,1610612752,98,1610612751,110
1258,0022101192,20220406,8:00 PM ET,1610612737,118,1610612764,103
1259,0022101193,20220406,8:00 PM ET,1610612741,94,1610612738,117
1260,0022101194,20220406,9:00 PM ET,1610612762,137,1610612760,101
1261,0022101195,20220406,10:00 PM ET,1610612746,113,1610612756,109
1262,0022101196,20220407,7:00 PM ET,1610612766,128,1610612753,101
1263,0022101197,20220407,7:30 PM ET,1610612761,119,1610612755,114
1264,0022101198,20220407,7:30 PM ET,1610612749,127,1610612738,121
1265,0022101199,20220407,8:00 PM ET,1610612750,127,1610612759,121
1266,0022101200,20220407,8:00 PM ET,1610612740,127,1610612757,94
1267,0022101201,20220407,9:00 PM ET,1610612743,122,1610612763,109
1268,0022101202,20220407,10:00 PM ET,1610612744,128,1610612747,112
1269,0022101203,20220408,7:00 PM ET,1610612765,101,1610612749,131
1270,0022101204,20220408,7:00 PM ET,1610612764,92,1610612752,114
1271,0022101205,20220408,7:30 PM ET,1610612751,118,1610612739,107
1272,0022101206,20220408,7:30 PM ET,1610612761,117,1610612745,115
1273,0022101207,20220408,8:00 PM ET,1610612748,113,1610612737,109
1274,0022101208,20220408,8:00 PM ET,1610612741,117,1610612766,133
1275,0022101209,20220408,8:30 PM ET,1610612742,128,1610612757,78
1276,0022101210,20220408,9:30 PM ET,1610612762,105,1610612756,111
1277,0022101211,20220408,10:30 PM ET,1610612747,120,1610612760,101
1278,0022101214,20220409,1:00 PM ET,1610612755,133,1610612754,120
1279,0022101213,20220409,6:00 PM ET,1610612763,141,1610612740,114
1280,0022101215,20220409,8:30 PM ET,1610612759,94,1610612744,100
1281,0022101212,20220409,9:30 PM ET,1610612746,117,1610612758,98
1282,0022101216,20220410,3:30 PM ET,1610612751,134,1610612754,126
1283,0022101217,20220410,3:30 PM ET,1610612766,124,1610612764,108
1284,0022101218,20220410,3:30 PM ET,1610612739,133,1610612749,115
1285,0022101221,20220410,3:30 PM ET,1610612745,114,1610612737,130
1286,0022101223,20220410,7:00 PM ET,1610612763,110,1610612738,139
1287,0022101226,20220410,7:00 PM ET,1610612752,105,1610612761,94
1288,0022101227,20220410,7:00 PM ET,1610612753,125,1610612748,111
1289,0022101228,20220410,7:00 PM ET,1610612755,118,1610612765,106
1290,0022101224,20220410,8:30 PM ET,1610612750,120,1610612741,124
1291,0022101219,20220410,9:30 PM ET,1610612742,130,1610612759,120
1292,0022101220,20220410,9:30 PM ET,1610612743,141,1610612747,146
1293,0022101222,20220410,9:30 PM ET,1610612746,138,1610612760,88
1294,0022101225,20220410,9:30 PM ET,1610612740,107,1610612744,128
1295,0022101229,20220410,9:30 PM ET,1610612756,109,1610612758,116
1296,0022101230,20220410,9:30 PM ET,1610612757,80,1610612762,111
1297,0052100101,20220412,7:00 PM ET,1610612751,115,1610612739,108
1298,0052100121,20220412,9:30 PM ET,1610612750,109,1610612746,104
1299,0052100111,20220413,7:00 PM ET,1610612737,132,1610612766,103
1300,0052100131,20220413,9:30 PM ET,1610612740,113,1610612759,103
1301,0052100201,20220415,7:30 PM ET,1610612739,101,1610612737,107
1302,0052100211,20220415,10:00 PM ET,1610612746,101,1610612740,105
1303,0042100171,20220416,1:00 PM ET,1610612742,93,1610612762,99
1304,0042100151,20220416,3:30 PM ET,1610612763,117,1610612750,130
1305,0042100131,20220416,6:00 PM ET,1610612755,131,1610612761,111
1306,0042100161,20220416,8:30 PM ET,1610612744,123,1610612743,107
1307,0042100101,20220417,1:00 PM ET,1610612748,115,1610612737,91
1308,0042100111,20220417,3:30 PM ET,1610612738,115,1610612751,114
1309,0042100121,20220417,6:30 PM ET,1610612749,93,1610612741,86
1310,0042100141,20220417,9:00 PM ET,1610612756,110,1610612740,99
1311,0042100132,20220418,7:30 PM ET,1610612755,112,1610612761,97
1312,0042100172,20220418,8:30 PM ET,1610612742,110,1610612762,104
1313,0042100162,20220418,10:00 PM ET,1610612744,126,1610612743,106
1314,0042100102,20220419,7:30 PM ET,1610612748,115,1610612737,105
1315,0042100152,20220419,8:30 PM ET,1610612763,124,1610612750,96
1316,0042100142,20220419,10:00 PM ET,1610612756,114,1610612740,125
1317,0042100112,20220420,7:00 PM ET,1610612738,114,1610612751,107
1318,0042100133,20220420,8:00 PM ET,1610612761,101,1610612755,104
1319,0042100122,20220420,9:30 PM ET,1610612749,110,1610612741,114
1320,0042100153,20220421,7:30 PM ET,1610612750,95,1610612763,104
1321,0042100173,20220421,9:00 PM ET,1610612762,118,1610612742,126
1322,0042100163,20220421,10:00 PM ET,1610612743,113,1610612744,118
1323,0042100103,20220422,7:00 PM ET,1610612737,111,1610612748,110
1324,0042100123,20220422,8:30 PM ET,1610612741,81,1610612749,111
1325,0042100143,20220422,9:30 PM ET,1610612740,111,1610612756,114
1326,0042100134,20220423,2:00 PM ET,1610612761,110,1610612755,102
1327,0042100174,20220423,4:30 PM ET,1610612762,100,1610612742,99
1328,0042100113,20220423,7:30 PM ET,1610612751,103,1610612738,109
1329,0042100154,20220423,10:00 PM ET,1610612750,119,1610612763,118
1330,0042100124,20220424,1:00 PM ET,1610612741,95,1610612749,119
1331,0042100164,20220424,3:30 PM ET,1610612743,126,1610612744,121
1332,0042100104,20220424,7:00 PM ET,1610612737,86,1610612748,110
1333,0042100144,20220424,9:30 PM ET,1610612740,118,1610612756,103
1334,0042100114,20220425,7:00 PM ET,1610612751,112,1610612738,116
1335,0042100135,20220425,8:00 PM ET,1610612755,88,1610612761,103
1336,0042100175,20220425,9:30 PM ET,1610612742,102,1610612762,77
1337,0042100105,20220426,7:00 PM ET,1610612748,97,1610612737,94
1338,0042100155,20220426,7:30 PM ET,1610612763,111,1610612750,109
1339,0042100145,20220426,10:00 PM ET,1610612756,112,1610612740,97
1340,0042100125,20220427,7:30 PM ET,1610612749,116,1610612741,100
1341,0042100165,20220427,10:00 PM ET,1610612744,102,1610612743,98
1342,0042100136,20220428,7:00 PM ET,1610612761,97,1610612755,132
1343,0042100146,20220428,7:30 PM ET,1610612740,109,1610612756,115
1344,0042100176,20220428,10:00 PM ET,1610612762,96,1610612742,98
1345,0042100156,20220429,9:00 PM ET,1610612750,106,1610612763,114
1346,0042100211,20220501,1:00 PM ET,1610612738,89,1610612749,101
1347,0042100231,20220501,3:30 PM ET,1610612763,116,1610612744,117
1348,0042100201,20220502,7:30 PM ET,1610612748,106,1610612755,92
1349,0042100221,20220502,10:00 PM ET,1610612756,121,1610612742,114
1350,0042100212,20220503,7:00 PM ET,1610612738,109,1610612749,86
1351,0042100232,20220503,9:30 PM ET,1610612763,106,1610612744,101
1352,0042100202,20220504,7:30 PM ET,1610612748,119,1610612755,103
1353,0042100222,20220504,10:00 PM ET,1610612756,129,1610612742,109
1354,0042100203,20220506,7:00 PM ET,1610612755,99,1610612748,79
1355,0042100223,20220506,9:30 PM ET,1610612742,103,1610612756,94
1356,0042100213,20220507,3:30 PM ET,1610612749,103,1610612738,101
1357,0042100233,20220507,8:30 PM ET,1610612744,142,1610612763,112
1358,0042100224,20220508,3:30 PM ET,1610612742,111,1610612756,101
1359,0042100204,20220508,8:00 PM ET,1610612755,116,1610612748,108
1360,0042100214,20220509,7:30 PM ET,1610612749,108,1610612738,116
1361,0042100234,20220509,10:00 PM ET,1610612744,101,1610612763,98
1362,0042100205,20220510,7:30 PM ET,1610612748,120,1610612755,85
1363,0042100225,20220510,10:00 PM ET,1610612756,110,1610612742,80
1364,0042100215,20220511,7:00 PM ET,1610612738,107,1610612749,110
1365,0042100235,20220511,9:30 PM ET,1610612763,134,1610612744,95
1366,0042100206,20220512,7:00 PM ET,1610612755,90,1610612748,99
1367,0042100226,20220512,9:30 PM ET,1610612742,113,1610612756,86
1368,0042100216,20220513,7:30 PM ET,1610612749,95,1610612738,108
1369,0042100236,20220513,10:00 PM ET,1610612744,110,1610612763,96
1370,0042100217,20220515,3:30 PM ET,1610612738,109,1610612749,81
1371,0042100227,20220515,8:00 PM ET,1610612756,90,1610612742,123
1372,0042100301,20220517,8:30 PM ET,1610612748,118,1610612738,107
1373,0042100311,20220518,9:00 PM ET,1610612744,112,1610612742,87
1374,0042100302,20220519,8:30 PM ET,1610612748,102,1610612738,127
1375,0042100312,20220520,9:00 PM ET,1610612744,126,1610612742,117
1376,0042100303,20220521,8:30 PM ET,1610612738,103,1610612748,109
1377,0042100313,20220522,9:00 PM ET,1610612742,100,1610612744,109
1378,0042100304,20220523,8:30 PM ET,1610612738,102,1610612748,82
1379,0042100314,20220524,9:00 PM ET,1610612742,119,1610612744,109
1380,0042100305,20220525,8:30 PM ET,1610612748,80,1610612738,93
1381,0042100315,20220526,9:00 PM ET,1610612744,120,1610612742,110
1382,0042100306,20220527,8:30 PM ET,1610612738,103,1610612748,111
1383,0042100307,20220529,8:30 PM ET,1610612748,96,1610612738,100
1384,0042100401,20220602,9:00 PM ET,1610612744,108,1610612738,120
1385,0042100402,20220605,8:00 PM ET,1610612744,107,1610612738,88
1386,0042100403,20220608,9:00 PM ET,1610612738,116,1610612744,100
1387,0042100404,20220610,9:00 PM ET,1610612738,97,1610612744,107
1388,0042100405,20220613,9:00 PM ET,1610612744,104,1610612738,94
1389,0042100406,20220616,9:00 PM ET,1610612738,90,1610612744,103
